aha-mont64	:kotoba-seed	artifact-records-seed=1	verify(--seed)=REFUSED:output-set provenance rejected	verify(no seed)=REFUSED:output-set provenance rejected	-
crc32	:kotoba-seed	artifact-records-seed=1	verify(--seed)=ACCEPT	verify(no seed)=REFUSED:recorded emitter is not available to this verifier	-
depthconv	:kotoba-seed	artifact-records-seed=1	verify(--seed)=ACCEPT	verify(no seed)=REFUSED:recorded emitter is not available to this verifier	-
edn	:kotoba-seed	artifact-records-seed=1	verify(--seed)=REFUSED:output-set provenance rejected	verify(no seed)=REFUSED:output-set provenance rejected	-
huffbench	:kotoba-seed	artifact-records-seed=1	verify(--seed)=REFUSED:output-set provenance rejected	verify(no seed)=REFUSED:output-set provenance rejected	-
matmult-int	:kotoba-seed	artifact-records-seed=1	verify(--seed)=ACCEPT	verify(no seed)=REFUSED:recorded emitter is not available to this verifier	-
md5sum	:kotoba-seed	artifact-records-seed=1	verify(--seed)=ACCEPT	verify(no seed)=REFUSED:recorded emitter is not available to this verifier	-
nettle-aes	:kotoba-seed	artifact-records-seed=1	verify(--seed)=ACCEPT	verify(no seed)=REFUSED:recorded emitter is not available to this verifier	-
nettle-sha256	:kotoba-seed	artifact-records-seed=1	verify(--seed)=ACCEPT	verify(no seed)=REFUSED:recorded emitter is not available to this verifier	-
nsichneu	:kotoba-seed	artifact-records-seed=1	verify(--seed)=ACCEPT	verify(no seed)=REFUSED:recorded emitter is not available to this verifier	-
picojpeg	:kotoba-seed	artifact-records-seed=1	verify(--seed)=REFUSED:output-set provenance rejected	verify(no seed)=REFUSED:output-set provenance rejected	-
qrduino	:kotoba-seed	artifact-records-seed=1	verify(--seed)=ACCEPT	verify(no seed)=REFUSED:recorded emitter is not available to this verifier	-
sglib-combined	:kotoba-seed	artifact-records-seed=1	verify(--seed)=ACCEPT	verify(no seed)=REFUSED:recorded emitter is not available to this verifier	-
slre	:kotoba-seed	artifact-records-seed=1	verify(--seed)=ACCEPT	verify(no seed)=REFUSED:recorded emitter is not available to this verifier	-
statemate	:kotoba-seed	artifact-records-seed=1	verify(--seed)=ACCEPT	verify(no seed)=REFUSED:recorded emitter is not available to this verifier	-
tarfind	:kotoba-seed	artifact-records-seed=1	verify(--seed)=REFUSED:output-set provenance rejected	verify(no seed)=REFUSED:output-set provenance rejected	-
ud	:kotoba-seed	artifact-records-seed=1	verify(--seed)=ACCEPT	verify(no seed)=REFUSED:recorded emitter is not available to this verifier	-
wikisort	:kotoba-seed	artifact-records-seed=1	verify(--seed)=REFUSED:output-set provenance rejected	verify(no seed)=REFUSED:output-set provenance rejected	-
xgboost	:kotoba-seed	artifact-records-seed=1	verify(--seed)=ACCEPT	verify(no seed)=REFUSED:recorded emitter is not available to this verifier	-
