id	bytes	s0-rc	af-rc	class	af-real-s	af-maxrss-B	load1	vectors	pairs	heap-B	af-line-if-not-same
build.compose.ladder.in.pfx01-00-ns	13734	0	0	SAME-OK	0.03	15613952	40.82	131812	302429	7810793	
build.compose.ladder.in.pfx02-01-mem	28805	0	0	SAME-OK	0.06	26443776	40.82	257195	691607	16693913	
build.compose.ladder.in.pfx03-02-io	39686	65	65	SAME-REFUSE	0.10	37502976	40.82	387136	1115168	26171226	
build.compose.ladder.in.pfx04-10-lex	64075	65	65	SAME-REFUSE	0.31	69779456	40.82	778299	2366933	54344041	
build.compose.ladder.in.pfx05-11-read	72503	65	65	SAME-REFUSE	0.42	79446016	40.82	912055	2711439	62510809	
build.compose.ladder.in.pfx06-12-kirread	211983	65	65	SAME-REFUSE	2.30	222609408	40.82	2708135	8350765	188772942	
build.compose.ladder.in.pfx07-20-names	248134	65	65	SAME-REFUSE	3.09	267534336	40.82	3279251	10089695	228398308	
build.compose.ladder.in.pfx08-21-check	515715	65	65	SAME-REFUSE	10.35	479576064	40.75	6127422	18210429	414905348	
build.compose.ladder.in.pfx09-30-lower	592764	65	65	SAME-REFUSE	15.66	574291968	36.24	7486894	21760449	498352783	
build.compose.ladder.in.pfx10-40-a64enc	603134	65	65	SAME-REFUSE	16.81	591904768	34.96	7999672	22167825	513653997	
build.compose.ladder.in.pfx11-41-a64gen	654339	65	65	SAME-REFUSE	20.93	655753216	36.25	8966697	24544066	570745961	
build.compose.ladder.in.pfx12-42-layout	666296	65	65	SAME-REFUSE	21.94	667975680	30.10	9238230	24934248	581868739	
build.compose.ladder.in.pfx13-50-out	684448	65	65	SAME-REFUSE	24.68	696270848	24.77	10063259	25569040	606238097	
build.compose.ladder.in.pfx14-60-proj	767564	65	65	SAME-REFUSE	30.02	806862848	23.04	11562495	29831444	704101977	
build.compose.ladder.in.unity	810094	65	65	SAME-REFUSE	35.19	864501760	30.61	13019636	31366043	754906939	
