build.arena.scale.x2-20-names	build/arena/scale/x2-20-names.kotoba	511259	65	error: capability-missing-grant at build/arena/scale/x2-20-names.kotoba: capability policy denies required effects; missing grants #{[:cap/call :io/write] [:cap/call :cli/args] [:cap/call :io/write-error] [:cap/call :fs/app-data]} (required #{[:cap/call :io/write] [:cap/call :cli/args] [:cap/call :io/write-error] [:cap/call :fs/app-data]}, allowed #{})	65	error: capability-missing-grant at build/arena/scale/x2-20-names.kotoba: capability policy denies required effects; missing grants #{[:cap/call :io/write] [:cap/call :io/write-error] [:cap/call :cli/args] [:cap/call :fs/app-data]} (required #{[:cap/call :io/write] [:cap/call :io/write-error] [:cap/call :cli/args] [:cap/call :fs/app-data]}, allowed #{})	12.13	530874368	SAME-REFUSE	67.40	7109860	19944910	461422627
build.arena.scale.x3-20-names	build/arena/scale/x3-20-names.kotoba	774384	65	error: capability-missing-grant at build/arena/scale/x3-20-names.kotoba: capability policy denies required effects; missing grants #{[:cap/call :io/write] [:cap/call :cli/args] [:cap/call :io/write-error] [:cap/call :fs/app-data]} (required #{[:cap/call :io/write] [:cap/call :cli/args] [:cap/call :io/write-error] [:cap/call :fs/app-data]}, allowed #{})	65	error: capability-missing-grant at build/arena/scale/x3-20-names.kotoba: capability policy denies required effects; missing grants #{[:cap/call :io/write] [:cap/call :io/write-error] [:cap/call :cli/args] [:cap/call :fs/app-data]} (required #{[:cap/call :io/write] [:cap/call :io/write-error] [:cap/call :cli/args] [:cap/call :fs/app-data]}, allowed #{})	28.23	626114560	SAME-REFUSE	69.31	11584330	29847934	705265898
build.arena.scale.x4-20-names	build/arena/scale/x4-20-names.kotoba	1037509	65	error: capability-missing-grant at build/arena/scale/x4-20-names.kotoba: capability policy denies required effects; missing grants #{[:cap/call :io/write] [:cap/call :cli/args] [:cap/call :io/write-error] [:cap/call :fs/app-data]} (required #{[:cap/call :io/write] [:cap/call :cli/args] [:cap/call :io/write-error] [:cap/call :fs/app-data]}, allowed #{})	65	error: capability-missing-grant at build/arena/scale/x4-20-names.kotoba: capability policy denies required effects; missing grants #{[:cap/call :io/write] [:cap/call :io/write-error] [:cap/call :cli/args] [:cap/call :fs/app-data]} (required #{[:cap/call :io/write] [:cap/call :io/write-error] [:cap/call :cli/args] [:cap/call :fs/app-data]}, allowed #{})	48.80	1092894720	SAME-REFUSE	56.81	16696921	39751039	959829615
build.arena.scale.x6-20-names	build/arena/scale/x6-20-names.kotoba	1563759	65	error: invalid-data at build/arena/scale/x6-20-names.kotoba: input exceeds byte limit	65	error: invalid-data at build/arena/scale/x6-20-names.kotoba: input exceeds byte limit	0.01	6455296	SAME-REFUSE	40.15	1	19	1564329
build.compose.ladder.in.pfx01-00-ns	build/compose/ladder/in/pfx01-00-ns.kotoba	13734	0	ok profile=default effects=#{} exports=[main]	0	ok profile=default effects=#{} exports=[main]	0.03	15417344	SAME-OK	40.15	130461	289782	7586825
build.compose.ladder.in.pfx02-01-mem	build/compose/ladder/in/pfx02-01-mem.kotoba	28805	0	ok profile=default effects=#{} exports=[main]	0	ok profile=default effects=#{} exports=[main]	0.06	26132480	SAME-OK	40.15	255484	675854	16414489
build.compose.ladder.in.pfx03-02-io	build/compose/ladder/in/pfx03-02-io.kotoba	39686	65	error: capability-missing-grant at build/compose/ladder/in/pfx03-02-io.kotoba: capability policy denies required effects; missing grants #{[:cap/call :io/write] [:cap/call :cli/args] [:cap/call :io/write-error] [:cap/call :fs/app-data]} (required #{[:cap/call :io/write] [:cap/call :cli/args] [:cap/call :io/write-error] [:cap/call :fs/app-data]}, allowed #{})	65	error: capability-missing-grant at build/compose/ladder/in/pfx03-02-io.kotoba: capability policy denies required effects; missing grants #{[:cap/call :io/write] [:cap/call :io/write-error] [:cap/call :cli/args] [:cap/call :fs/app-data]} (required #{[:cap/call :io/write] [:cap/call :io/write-error] [:cap/call :cli/args] [:cap/call :fs/app-data]}, allowed #{})	0.10	37076992	SAME-REFUSE	40.15	385152	1096821	25845930
build.compose.ladder.in.pfx04-10-lex	build/compose/ladder/in/pfx04-10-lex.kotoba	64075	65	error: capability-missing-grant at build/compose/ladder/in/pfx04-10-lex.kotoba: capability policy denies required effects; missing grants #{[:cap/call :io/write] [:cap/call :cli/args] [:cap/call :io/write-error] [:cap/call :fs/app-data]} (required #{[:cap/call :io/write] [:cap/call :cli/args] [:cap/call :io/write-error] [:cap/call :fs/app-data]}, allowed #{})	65	error: capability-missing-grant at build/compose/ladder/in/pfx04-10-lex.kotoba: capability policy denies required effects; missing grants #{[:cap/call :io/write] [:cap/call :io/write-error] [:cap/call :cli/args] [:cap/call :fs/app-data]} (required #{[:cap/call :io/write] [:cap/call :io/write-error] [:cap/call :cli/args] [:cap/call :fs/app-data]}, allowed #{})	0.30	69238784	SAME-REFUSE	40.15	775800	2346368	53975017
build.compose.ladder.in.pfx05-11-read	build/compose/ladder/in/pfx05-11-read.kotoba	72503	65	error: capability-missing-grant at build/compose/ladder/in/pfx05-11-read.kotoba: capability policy denies required effects; missing grants #{[:cap/call :io/write] [:cap/call :cli/args] [:cap/call :io/write-error] [:cap/call :fs/app-data]} (required #{[:cap/call :io/write] [:cap/call :cli/args] [:cap/call :io/write-error] [:cap/call :fs/app-data]}, allowed #{})	65	error: capability-missing-grant at build/compose/ladder/in/pfx05-11-read.kotoba: capability policy denies required effects; missing grants #{[:cap/call :io/write] [:cap/call :io/write-error] [:cap/call :cli/args] [:cap/call :fs/app-data]} (required #{[:cap/call :io/write] [:cap/call :io/write-error] [:cap/call :cli/args] [:cap/call :fs/app-data]}, allowed #{})	0.42	78970880	SAME-REFUSE	40.15	909348	2688193	62095561
build.compose.ladder.in.pfx06-12-kirread	build/compose/ladder/in/pfx06-12-kirread.kotoba	211983	65	error: capability-missing-grant at build/compose/ladder/in/pfx06-12-kirread.kotoba: capability policy denies required effects; missing grants #{[:cap/call :io/write] [:cap/call :cli/args] [:cap/call :io/write-error] [:cap/call :fs/app-data]} (required #{[:cap/call :io/write] [:cap/call :cli/args] [:cap/call :io/write-error] [:cap/call :fs/app-data]}, allowed #{})	65	error: capability-missing-grant at build/compose/ladder/in/pfx06-12-kirread.kotoba: capability policy denies required effects; missing grants #{[:cap/call :io/write] [:cap/call :io/write-error] [:cap/call :cli/args] [:cap/call :fs/app-data]} (required #{[:cap/call :io/write] [:cap/call :io/write-error] [:cap/call :cli/args] [:cap/call :fs/app-data]}, allowed #{})	2.39	221642752	SAME-REFUSE	37.82	2703091	8308417	188014670
build.compose.ladder.in.pfx07-20-names	build/compose/ladder/in/pfx07-20-names.kotoba	248134	65	error: capability-missing-grant at build/compose/ladder/in/pfx07-20-names.kotoba: capability policy denies required effects; missing grants #{[:cap/call :io/write] [:cap/call :cli/args] [:cap/call :io/write-error] [:cap/call :fs/app-data]} (required #{[:cap/call :io/write] [:cap/call :cli/args] [:cap/call :io/write-error] [:cap/call :fs/app-data]}, allowed #{})	65	error: capability-missing-grant at build/compose/ladder/in/pfx07-20-names.kotoba: capability policy denies required effects; missing grants #{[:cap/call :io/write] [:cap/call :io/write-error] [:cap/call :cli/args] [:cap/call :fs/app-data]} (required #{[:cap/call :io/write] [:cap/call :io/write-error] [:cap/call :cli/args] [:cap/call :fs/app-data]}, allowed #{})	3.11	266878976	SAME-REFUSE	35.35	3273511	10040929	227526212
build.compose.ladder.in.pfx08-21-check	build/compose/ladder/in/pfx08-21-check.kotoba	515715	65	error: parameter-use-conflict at build/compose/ladder/in/pfx08-21-check.kotoba:10269:78: expression type mismatch: expected string, got i64 -- parameter S of ck-r6c-doctail is unannotated and its uses disagree: (ck-r6b-sym M S "document-map") requires string [S at 10269:78], (ck-r6c-dt M S (nm-nth M c 4)) requires i64 [S at 10270:20]; annotate S	65	error: parameter-use-conflict at build/compose/ladder/in/pfx08-21-check.kotoba: expression type mismatch: expected string, got i64 -- parameter S of ck-r6c-doctail is unannotated and its uses disagree: (ck-r6b-sym M S "document-map") requires string [S at 10269:78], (ck-r6c-dt M S (nm-nth M c 4)) requires i64 [S at 10270:20]; annotate S	10.56	477757440	SAME-REFUSE	31.61	6120419	18152591	413867892
build.compose.ladder.in.pfx09-30-lower	build/compose/ladder/in/pfx09-30-lower.kotoba	592764	65	error: parameter-use-conflict at build/compose/ladder/in/pfx09-30-lower.kotoba:10269:78: expression type mismatch: expected string, got i64 -- parameter S of ck-r6c-doctail is unannotated and its uses disagree: (ck-r6b-sym M S "document-map") requires string [S at 10269:78], (ck-r6c-dt M S (nm-nth M c 4)) requires i64 [S at 10270:20]; annotate S	65	error: parameter-use-conflict at build/compose/ladder/in/pfx09-30-lower.kotoba: expression type mismatch: expected string, got i64 -- parameter S of ck-r6c-doctail is unannotated and its uses disagree: (ck-r6b-sym M S "document-map") requires string [S at 10269:78], (ck-r6c-dt M S (nm-nth M c 4)) requires i64 [S at 10270:20]; annotate S	15.44	572260352	SAME-REFUSE	29.73	7478940	21694674	497173119
build.compose.ladder.in.pfx10-40-a64enc	build/compose/ladder/in/pfx10-40-a64enc.kotoba	603134	65	error: parameter-use-conflict at build/compose/ladder/in/pfx10-40-a64enc.kotoba:10269:78: expression type mismatch: expected string, got i64 -- parameter S of ck-r6c-doctail is unannotated and its uses disagree: (ck-r6b-sym M S "document-map") requires string [S at 10269:78], (ck-r6c-dt M S (nm-nth M c 4)) requires i64 [S at 10270:20]; annotate S	65	error: parameter-use-conflict at build/compose/ladder/in/pfx10-40-a64enc.kotoba: expression type mismatch: expected string, got i64 -- parameter S of ck-r6c-doctail is unannotated and its uses disagree: (ck-r6b-sym M S "document-map") requires string [S at 10269:78], (ck-r6c-dt M S (nm-nth M c 4)) requires i64 [S at 10270:20]; annotate S	17.42	589774848	SAME-REFUSE	29.53	7991328	22097864	512401117
build.compose.ladder.in.pfx11-41-a64gen	build/compose/ladder/in/pfx11-41-a64gen.kotoba	654339	65	error: parameter-use-conflict at build/compose/ladder/in/pfx11-41-a64gen.kotoba:10269:78: expression type mismatch: expected string, got i64 -- parameter S of ck-r6c-doctail is unannotated and its uses disagree: (ck-r6b-sym M S "document-map") requires string [S at 10269:78], (ck-r6c-dt M S (nm-nth M c 4)) requires i64 [S at 10270:20]; annotate S	65	error: parameter-use-conflict at build/compose/ladder/in/pfx11-41-a64gen.kotoba: expression type mismatch: expected string, got i64 -- parameter S of ck-r6c-doctail is unannotated and its uses disagree: (ck-r6b-sym M S "document-map") requires string [S at 10269:78], (ck-r6c-dt M S (nm-nth M c 4)) requires i64 [S at 10270:20]; annotate S	22.28	653475840	SAME-REFUSE	38.83	8957591	24468327	569388441
build.compose.ladder.in.pfx12-42-layout	build/compose/ladder/in/pfx12-42-layout.kotoba	666296	65	error: parameter-use-conflict at build/compose/ladder/in/pfx12-42-layout.kotoba:10269:78: expression type mismatch: expected string, got i64 -- parameter S of ck-r6c-doctail is unannotated and its uses disagree: (ck-r6b-sym M S "document-map") requires string [S at 10269:78], (ck-r6c-dt M S (nm-nth M c 4)) requires i64 [S at 10270:20]; annotate S	65	error: parameter-use-conflict at build/compose/ladder/in/pfx12-42-layout.kotoba: expression type mismatch: expected string, got i64 -- parameter S of ck-r6c-doctail is unannotated and its uses disagree: (ck-r6b-sym M S "document-map") requires string [S at 10269:78], (ck-r6c-dt M S (nm-nth M c 4)) requires i64 [S at 10270:20]; annotate S	23.80	666353664	SAME-REFUSE	34.01	9228909	24856632	580477747
build.compose.ladder.in.pfx13-50-out	build/compose/ladder/in/pfx13-50-out.kotoba	684448	65	error: parameter-use-conflict at build/compose/ladder/in/pfx13-50-out.kotoba:10269:78: expression type mismatch: expected string, got i64 -- parameter S of ck-r6c-doctail is unannotated and its uses disagree: (ck-r6b-sym M S "document-map") requires string [S at 10269:78], (ck-r6c-dt M S (nm-nth M c 4)) requires i64 [S at 10270:20]; annotate S	65	error: parameter-use-conflict at build/compose/ladder/in/pfx13-50-out.kotoba: expression type mismatch: expected string, got i64 -- parameter S of ck-r6c-doctail is unannotated and its uses disagree: (ck-r6b-sym M S "document-map") requires string [S at 10269:78], (ck-r6c-dt M S (nm-nth M c 4)) requires i64 [S at 10270:20]; annotate S	27.60	595427328	SAME-REFUSE	41.04	10053613	25487777	604783553
build.compose.ladder.in.pfx14-60-proj	build/compose/ladder/in/pfx14-60-proj.kotoba	767564	65	error: parameter-use-conflict at build/compose/ladder/in/pfx14-60-proj.kotoba:10269:78: expression type mismatch: expected string, got i64 -- parameter S of ck-r6c-doctail is unannotated and its uses disagree: (ck-r6b-sym M S "document-map") requires string [S at 10269:78], (ck-r6c-dt M S (nm-nth M c 4)) requires i64 [S at 10270:20]; annotate S	65	error: parameter-use-conflict at build/compose/ladder/in/pfx14-60-proj.kotoba: expression type mismatch: expected string, got i64 -- parameter S of ck-r6c-doctail is unannotated and its uses disagree: (ck-r6b-sym M S "document-map") requires string [S at 10269:78], (ck-r6c-dt M S (nm-nth M c 4)) requires i64 [S at 10270:20]; annotate S	33.65	707002368	SAME-REFUSE	46.46	11551946	29743238	702521897
build.compose.ladder.in.unity	build/compose/ladder/in/unity.kotoba	810094	65	error: parameter-use-conflict at build/compose/ladder/in/unity.kotoba:10269:78: expression type mismatch: expected string, got i64 -- parameter S of ck-r6c-doctail is unannotated and its uses disagree: (ck-r6b-sym M S "document-map") requires string [S at 10269:78], (ck-r6c-dt M S (nm-nth M c 4)) requires i64 [S at 10270:20]; annotate S	65	error: parameter-use-conflict at build/compose/ladder/in/unity.kotoba: expression type mismatch: expected string, got i64 -- parameter S of ck-r6c-doctail is unannotated and its uses disagree: (ck-r6b-sym M S "document-map") requires string [S at 10269:78], (ck-r6c-dt M S (nm-nth M c 4)) requires i64 [S at 10270:20]; annotate S	41.27	838893568	SAME-REFUSE	51.22	13008603	31274540	753266363
