workload,fidelity,correct,check_median_ms,compile_median_ms,execute_median_ns,kexe_bytes,raw_code_bytes,source_sha256,kexe_sha256
aha-mont64,full-correctness-translation,True,19.263542,20.972291,14000,3313,3264,a188ca9f79433931f2afe76679096d562c0ee2d58a6c67f8488f13a09171de20,98de97bde3eff67e6b7ef8f293df183e9f42c3d2c9b00111ffaf197b6d0ee3f9
crc32,full-correctness-translation,True,20.98975,20.252541,21000,3348,3304,d5d1dd06e1933ddbc32b152627084f77327f950b6d68535996978c82c119fd25,4534d063e6928f1ade9804d830ed42b062aef09a423544fc21a2a8786951e47c
depthconv,full-correctness-translation,True,18.579375,19.532959,39000,2135,2088,be66e15ae908bb96256b534f8e37dce8601f3ed1d0a78a6155ad322848d9a90e,671992ea81704e9fdeafd49dcafe040c402f059948c14784d7a94a48c8135ae1
edn,adapted-algorithmic-probe,True,18.88925,19.520333,44000,1112,1072,f00dfc9c13c6a3eb872647f880284eb233be2e88b082fb737e1a999040ccccf3,99b04a40125c19954a0808aaec39152ace17fd1c4947c181e8b1a914863e6e9c
huffbench,adapted-algorithmic-probe,True,22.009625,23.601875,7000,661,616,85c8c48341ec2616b4ce094186713a100770a73e1b4f99c77d1723fa88121351,d519f1becc7aad4541974594c92e3c08cb43c28579cb367de444a4053428e110
matmult-int,full-correctness-translation,True,19.806625,19.976083,40000,5798,5752,dab66f75362577cfccf21899c718db613462c65c9108b4ed83d49593f6595632,0ef477a95133c82cad6c59fd9e995b30ef47e7155fbad0f3be435ff2c946b36e
md5sum,full-correctness-translation,True,18.724583,20.651917,30000,4533,4488,9ac1ac3b19119c38332367394304481a4fc273aa3907aaff814c24ea85b01424,8a6cd4501d57d0c87d76c69ef85e66a13d9ed002dcb43ac9364bcf10a6d68991
nettle-aes,adapted-algorithmic-probe,True,19.548125,21.096875,14000,1641,1592,bbadcde484267491ab155145fa48862b41383b1cb1083f55244d6deb14a4f925,1ef341cb0870529e88ce93b7f4ac31a78bf505b6090151f5173cd9e080cb494e
nettle-sha256,full-correctness-translation,True,20.647042,20.165709,17000,5920,5868,ac86858674db820b039c11af020f0c8096a2ea84684c21ac26122006d5094f4a,6f5a042f9901a8e182b7176ea923620ea48849007536d2b01fbf5c720eea656f
nsichneu,adapted-algorithmic-probe,True,21.029666,24.385167,14000,512,468,3a58f46184c36389085c5143951f2df15bc734353ada2ce810ec1d8a4cebce64,786edb7e140843aa86619db275e63f22094d4a2801201c364845df665d96fc7c
picojpeg,adapted-algorithmic-probe,True,18.976,19.445667,8000,708,664,19fbef8428ebea9877c1dd0a9c1e172756dc05d2b1ac7e92184b9fef834256dd,46fc3cd24a5fd4478e0f49886ed2b378f4a6194d006e18e45ee0f54e09e933a2
qrduino,adapted-algorithmic-probe,True,18.93375,20.34325,9000,787,744,8d86d0481d497435d2d2072a53e54248a4ab7284755da5c4965c7fd85d53f3d8,9c177d7b46a2fd6df859f841dab8dd6010a316a5e9f702c6a1ed88f3250ff33d
sglib-combined,adapted-algorithmic-probe,True,17.356208,19.617,23000,1413,1360,173f2bd2bfb2f3f21c921ce625e02947fd78f60939ca612cd3aeb53b4f139a72,2c74cb6e20895223fb86d98efebe9226429c5026f3bd8d4ad464b52ea9fd4f15
slre,adapted-algorithmic-probe,True,20.520084,20.11975,8000,925,885,a27693c05d1b902017459c4ebb016790dee32455029c37e489fb7beffae95c72,be355bc0bab874826e77f1ff1d220da2c50403b59cfebb19ad66c0b85eb551c2
statemate,adapted-algorithmic-probe,True,20.439458,22.577583,8000,477,432,c7632c67a837337d8be6bbf85a18e5204b4c0fbb9a1864d2b4b568c5fb1390ae,a657119f0d5ddabb1129c5a35896e7984b710f5c2589c1271b9253fa2992ebbe
tarfind,full-correctness-translation,True,20.701792,20.697667,32000,1482,1436,8673ca976df379d4e7d79cf81b4094f8eba51908c450bd39f3838383dfa806dd,df96e404e4569da7acddcdf7e94f39cf51bb851a695797fdfbc7302ec1728bab
ud,full-correctness-translation,True,19.00325,21.481458,17000,4845,4804,5d4801f353f2412d52fcaa4017eacbdea24579e978ab8c58c2e96dc1eee36f09,69ddbe29779b83e7641e5cf492fb9ead8a186b257701b2aab4d0532a533e3cdd
wikisort,adapted-algorithmic-probe,True,20.946833,22.001333,815000,2727,2680,2774800a2cd9fcfa9ec5d6bd17bf704f4848c4aa7f0e7744afcb9eb4f9ab5990,3948bdb0e62e50822ad26e13f306e74756e100440e6a4ff3c254eb53e02a1095
xgboost,full-correctness-translation,True,22.619625,23.556083,2559810000,55499,55452,1a2b12e0e00f2700da87b7c83b5075b70437c505ad92503793c4f4ea8671ab9c,dd09a738f394421c55e099ca36c49e98bd2caed8f0b81f37b7dcee20ef82f293
