workload,fidelity,stage0_check_ms,stage0_compile_ms,stage0_execute_ns,stage0_execute_min_ns,stage0_execute_max_ns,stage0_code_bytes,r6l_check_ms,r6l_compile_ms,r6l_execute_ns,r6l_execute_min_ns,r6l_execute_max_ns,r6l_code_bytes,r6m_check_ms,r6m_compile_ms,r6m_execute_ns,r6m_execute_min_ns,r6m_execute_max_ns,r6m_code_bytes
aha-mont64,full-correctness-translation,17.911041,97.238375,6000,5000,6000,3240,20.074417,12.4235,10000,9000,34000,3264,19.923291,12.023875,6000,5000,7000,3264
crc32,full-correctness-translation,15.93775,355.431291,24000,23000,25000,17796,15.621333,12.437334,11000,10000,11000,3312,14.952833,11.993458,11000,11000,11000,3312
depthconv,full-correctness-translation,12.691541,268.396875,25000,24000,26000,4996,14.881792,11.905791,11000,10000,11000,2440,15.074625,11.559084,11000,10000,11000,2440
edn,adapted-algorithmic-probe,9.815375,82.65575,37000,37000,39000,1940,12.602,11.397459,23000,21000,25000,1072,12.517334,11.101958,23000,22000,25000,1072
huffbench,adapted-algorithmic-probe,10.125042,46.746125,3000,3000,4000,564,12.317084,11.239,4000,3000,4000,616,12.312,10.904666,3000,3000,4000,616
matmult-int,full-correctness-translation,24.163459,588.997584,28000,26000,29000,29864,19.283791,12.833958,24000,21000,27000,5776,18.999167,12.522541,24000,21000,24000,5776
md5sum,full-correctness-translation,15.550958,145.061292,17000,16000,17000,8604,18.299834,12.591208,16000,15000,17000,4492,18.304791,12.068583,16000,15000,16000,4492
nettle-aes,adapted-algorithmic-probe,11.255334,77.940667,7000,6000,9000,1684,14.201834,11.821125,6000,6000,7000,1600,14.244666,11.280542,6000,5000,7000,1600
nettle-sha256,full-correctness-translation,17.861709,164.151542,10000,9000,10000,9948,21.20825,12.936333,8000,8000,9000,5872,21.14575,12.468667,8000,7000,9000,5872
nsichneu,adapted-algorithmic-probe,9.765334,51.696834,9000,9000,10000,524,12.3315,11.601583,9000,8000,9000,468,12.055333,10.834667,8000,8000,9000,468
picojpeg,adapted-algorithmic-probe,10.195,49.734208,4000,3000,5000,652,12.545916,10.979709,4000,3000,5000,664,12.292459,10.840375,4000,4000,4000,664
qrduino,adapted-algorithmic-probe,9.48625,62.795583,4000,3000,4000,1612,12.035167,10.989291,3000,3000,5000,752,12.020959,10.809083,3000,3000,4000,752
sglib-combined,adapted-algorithmic-probe,10.591875,57.653791,12000,10000,14000,1600,13.495792,11.330708,13000,11000,16000,1392,13.424542,11.309291,13000,10000,13000,1392
slre,adapted-algorithmic-probe,10.236917,56.620292,3000,3000,4000,1336,13.007834,11.203042,3000,3000,4000,893,12.989709,11.143458,4000,2000,4000,893
statemate,adapted-algorithmic-probe,9.218042,42.750416,4000,3000,5000,448,11.649875,10.697625,4000,3000,5000,432,11.657584,10.763125,4000,3000,5000,432
tarfind,full-correctness-translation,12.652833,73.708041,18000,17000,19000,1800,14.709958,11.3875,18000,17000,20000,1452,14.791167,11.315042,18000,17000,19000,1452
ud,full-correctness-translation,22.7245,168.397042,8000,7000,9000,6596,22.758584,12.387584,7000,6000,8000,4804,23.146667,12.357375,7000,6000,8000,4804
wikisort,adapted-algorithmic-probe,15.738125,109.006583,425000,423000,433000,3312,17.387875,11.9475,425000,421000,482000,2696,17.601291,12.106208,482000,425000,544000,2696
xgboost,full-correctness-translation,24.705416,176.143792,1627741000,1625443000,1632060000,55960,18.345292,19.888584,16262000,16193000,16367000,55804,18.389625,20.071417,16278000,16163000,16454000,55804
