port	compile_ms:stage0	compile_ms:r2	compile_ms:r3	compile_ms:r4	exec_ns:stage0	exec_ns:r2	exec_ns:r3	exec_ns:r4	code_B:stage0	code_B:r2	code_B:r3	code_B:r4
aha-mont64	157.8	17.1	17.9	17.9	12000	10000	11000	14000	3240	3264	3264	3264
crc32	570.4	17.6	17.4	18.7	39000	18000	20000	19000	17796	3304	3304	3304
depthconv	442.9	18.0	17.5	19.5	44000	39000	38000	20000	4996	2088	2088	2440
edn	118.0	17.4	17.5	18.2	63000	43000	43000	47000	1940	1072	1072	1072
huffbench	75.4	17.5	17.3	18.3	8000	7000	8000	8000	564	616	616	616
matmult-int	919.6	19.2	18.3	19.8	51000	42000	39000	43000	29864	5752	5752	5752
md5sum	241.3	18.2	20.8	17.9	28000	29000	29000	29000	8604	4488	4488	4488
nettle-aes	121.8	18.6	21.8	17.8	13000	12000	13000	10000	1684	1592	1592	1592
nettle-sha256	268.5	18.1	19.3	19.5	21000	19000	17000	16000	9948	5868	5868	5868
nsichneu	85.9	18.1	18.3	19.9	19000	17000	17000	16000	524	468	468	468
picojpeg	79.9	17.9	22.0	19.0	9000	9000	8000	11000	652	664	664	664
qrduino	99.3	17.5	18.2	18.7	8000	9000	7000	11000	1612	744	744	744
sglib-combined	92.8	17.7	18.0	18.8	22000	26000	24000	25000	1600	1360	1360	1360
slre	85.9	18.3	17.9	18.1	8000	8000	7000	10000	1336	885	885	885
statemate	65.7	17.8	21.4	18.2	9000	10000	11000	11000	448	432	432	432
tarfind	116.0	18.0	19.1	18.2	32000	31000	32000	31000	1800	1436	1436	1436
ud	272.4	19.5	19.3	19.3	14000	16000	18000	15000	6596	4804	4804	4804
wikisort	181.2	19.2	19.9	17.8	811000	823000	840000	819000	3312	2680	2680	2680
xgboost	290.3	21.0	21.9	22.2	2416263000	2417636000	2416096000	27777000	55960	55452	55452	55804
