SAME	check io.kotoba	65	65	error: capability-missing-grant at io.kotoba: capability policy denies required effects; missing grants #{[:cap/call :io/write]} (required #{[:cap/call :io/writ	error: capability-missing-grant at io.kotoba: capability policy denies required effects; missing grants #{[:cap/call :io/write]} (required #{[:cap/call :io/writ
SAME	check pure.kotoba	0	0	ok profile=default effects=#{} exports=[f]	ok profile=default effects=#{} exports=[f]
SAME	check two.kotoba	65	65	error: capability-missing-grant at two.kotoba: capability policy denies required effects; missing grants #{[:cap/call :io/write] [:cap/call :hash/sha256]} (requ	error: capability-missing-grant at two.kotoba: capability policy denies required effects; missing grants #{[:cap/call :io/write] [:cap/call :hash/sha256]} (requ
SAME	check abort.kotoba	0	0	ok profile=default effects=#{:abort} exports=[run]	ok profile=default effects=#{:abort} exports=[run]
SAME	check bad.kotoba	65	65	error: unknown-operation at bad.kotoba: unknown operation: undefined-thing is not a builtin, a sugar head, or a function of this module	error: unknown-operation at bad.kotoba: unknown operation: undefined-thing is not a builtin, a sugar head, or a function of this module
SAME	check ./io.kotoba	65	65	error: capability-missing-grant at ./io.kotoba: capability policy denies required effects; missing grants #{[:cap/call :io/write]} (required #{[:cap/call :io/wr	error: capability-missing-grant at ./io.kotoba: capability policy denies required effects; missing grants #{[:cap/call :io/write]} (required #{[:cap/call :io/wr
SAME	check sub/../io.kotoba	65	65	error: capability-missing-grant at sub/../io.kotoba: capability policy denies required effects; missing grants #{[:cap/call :io/write]} (required #{[:cap/call :	error: capability-missing-grant at sub/../io.kotoba: capability policy denies required effects; missing grants #{[:cap/call :io/write]} (required #{[:cap/call :
SAME	check sub/pure.kotoba	0	0	ok profile=default effects=#{} exports=[f]	ok profile=default effects=#{} exports=[f]
SAME	check é.kotoba	65	65	error: capability-missing-grant at é.kotoba: capability policy denies required effects; missing grants #{[:cap/call :io/write]} (required #{[:cap/call :io/write	error: capability-missing-grant at é.kotoba: capability policy denies required effects; missing grants #{[:cap/call :io/write]} (required #{[:cap/call :io/write
SAME	check é.txt	64	64	{:format :kotoba.cli-error/v1, :ok false, :error :usage, :diagnostic {:format :kotoba.diagnostic/v1, :code :kotoba/invalid-usage, :severity :error}, :message "s	{:format :kotoba.cli-error/v1, :ok false, :error :usage, :diagnostic {:format :kotoba.diagnostic/v1, :code :kotoba/invalid-usage, :severity :error}, :message "s
SAME	check io.txt	64	64	{:format :kotoba.cli-error/v1, :ok false, :error :usage, :diagnostic {:format :kotoba.diagnostic/v1, :code :kotoba/invalid-usage, :severity :error}, :message "s	{:format :kotoba.cli-error/v1, :ok false, :error :usage, :diagnostic {:format :kotoba.diagnostic/v1, :code :kotoba/invalid-usage, :severity :error}, :message "s
SAME	check	64	64	{:format :kotoba.cli-error/v1, :ok false, :error :usage, :diagnostic {:format :kotoba.diagnostic/v1, :code :kotoba/invalid-usage, :severity :error}, :message "s	{:format :kotoba.cli-error/v1, :ok false, :error :usage, :diagnostic {:format :kotoba.diagnostic/v1, :code :kotoba/invalid-usage, :severity :error}, :message "s
SAME	check nosuch.kotoba	65	65	error: invalid-data at nosuch.kotoba: input must be a regular file	error: invalid-data at nosuch.kotoba: input must be a regular file
SAME	check sub	64	64	{:format :kotoba.cli-error/v1, :ok false, :error :usage, :diagnostic {:format :kotoba.diagnostic/v1, :code :kotoba/invalid-usage, :severity :error}, :message "s	{:format :kotoba.cli-error/v1, :ok false, :error :usage, :diagnostic {:format :kotoba.diagnostic/v1, :code :kotoba/invalid-usage, :severity :error}, :message "s
SAME	check io.kotoba --policy	65	65	error: capability-missing-grant at io.kotoba: capability policy denies required effects; missing grants #{[:cap/call :io/write]} (required #{[:cap/call :io/writ	error: capability-missing-grant at io.kotoba: capability policy denies required effects; missing grants #{[:cap/call :io/write]} (required #{[:cap/call :io/writ
SAME	check io.kotoba --policy p01.edn --policy p06.edn	0	0	ok profile=default effects=#{[:cap/call :io/write]} exports=[hello]	ok profile=default effects=#{[:cap/call :io/write]} exports=[hello]
SAME	check io.kotoba --policy p06.edn --policy p01.edn	65	65	error: capability-missing-grant at io.kotoba: capability policy denies required effects; missing grants #{[:cap/call :io/write]} (required #{[:cap/call :io/writ	error: capability-missing-grant at io.kotoba: capability policy denies required effects; missing grants #{[:cap/call :io/write]} (required #{[:cap/call :io/writ
SAME	check --policy p01.edn io.kotoba	64	64	{:format :kotoba.cli-error/v1, :ok false, :error :usage, :diagnostic {:format :kotoba.diagnostic/v1, :code :kotoba/invalid-usage, :severity :error}, :message "s	{:format :kotoba.cli-error/v1, :ok false, :error :usage, :diagnostic {:format :kotoba.diagnostic/v1, :code :kotoba/invalid-usage, :severity :error}, :message "s
SAME	check io.kotoba --jvm-free --policy p01.edn	0	0	ok profile=default effects=#{[:cap/call :io/write]} exports=[hello]	ok profile=default effects=#{[:cap/call :io/write]} exports=[hello]
DECLARED	check --jvm-free io.kotoba --policy p01.edn	64	0	{:format :kotoba.cli-error/v1, :ok false, :error :usage, :diagnostic {:format :kotoba.diagnostic/v1, :code :kotoba/invalid-usage, :severity :error}, :message "s	ok profile=default effects=#{[:cap/call :io/write]} exports=[hello]
SAME	check io.kotoba --policy ポリシー.edn	0	0	ok profile=default effects=#{[:cap/call :io/write]} exports=[hello]	ok profile=default effects=#{[:cap/call :io/write]} exports=[hello]
SAME	check é.kotoba --policy ポリシー.edn	0	0	ok profile=default effects=#{[:cap/call :io/write]} exports=[hello]	ok profile=default effects=#{[:cap/call :io/write]} exports=[hello]
SAME	check io.kotoba --policy nosuch.edn	65	65	{:format :kotoba.cli-error/v1, :ok false, :error :decode, :diagnostic {:format :kotoba.diagnostic/v1, :code :kotoba/invalid-data, :severity :error, :source "io.	{:format :kotoba.cli-error/v1, :ok false, :error :decode, :diagnostic {:format :kotoba.diagnostic/v1, :code :kotoba/invalid-data, :severity :error, :source "io.
SAME	check io.kotoba --policy sub	65	65	{:format :kotoba.cli-error/v1, :ok false, :error :decode, :diagnostic {:format :kotoba.diagnostic/v1, :code :kotoba/invalid-data, :severity :error, :source "io.	{:format :kotoba.cli-error/v1, :ok false, :error :decode, :diagnostic {:format :kotoba.diagnostic/v1, :code :kotoba/invalid-data, :severity :error, :source "io.
SAME	check pure.kotoba --profile pure-product	0	0	ok profile=pure-product effects=#{} exports=[f]	ok profile=pure-product effects=#{} exports=[f]
SAME-NORM	check io.kotoba --profile pure-product	65	65	error: pure-product-forbidden at io.kotoba:2:29: form outside pure-product profile: typed-cap-call	error: pure-product-forbidden at io.kotoba: form outside pure-product profile: typed-cap-call
SAME-NORM	check io.kotoba --profile pure-product --policy p01.edn	65	65	error: pure-product-forbidden at io.kotoba:2:29: form outside pure-product profile: typed-cap-call	error: pure-product-forbidden at io.kotoba: form outside pure-product profile: typed-cap-call
SAME	check pure.kotoba --policy p07.edn --profile default	0	0	ok profile=default effects=#{} exports=[f]	ok profile=default effects=#{} exports=[f]
SAME	check bad.kotoba --policy p03.edn	65	65	error: unknown-operation at bad.kotoba: unknown operation: undefined-thing is not a builtin, a sugar head, or a function of this module	error: unknown-operation at bad.kotoba: unknown operation: undefined-thing is not a builtin, a sugar head, or a function of this module
SAME	check bad.kotoba --policy p13.edn	65	65	{:format :kotoba.cli-error/v1, :ok false, :error :decode, :diagnostic {:format :kotoba.diagnostic/v1, :code :kotoba/invalid-data, :severity :error, :source "bad	{:format :kotoba.cli-error/v1, :ok false, :error :decode, :diagnostic {:format :kotoba.diagnostic/v1, :code :kotoba/invalid-data, :severity :error, :source "bad
SAME	check bad.kotoba --policy p04.edn	65	65	{:format :kotoba.cli-error/v1, :ok false, :error :admission, :diagnostic {:format :kotoba.diagnostic/v1, :code :kotoba/admission-denied, :severity :error, :sour	{:format :kotoba.cli-error/v1, :ok false, :error :admission, :diagnostic {:format :kotoba.diagnostic/v1, :code :kotoba/admission-denied, :severity :error, :sour
SAME	check proj/app/main.kotoba	65	65	error: namespace-require-needs-project at proj/app/main.kotoba: this namespace declares (:require ...), so it is a module of a multi-file project; the single-mo	error: namespace-require-needs-project at proj/app/main.kotoba: this namespace declares (:require ...), so it is a module of a multi-file project; the single-mo
STUB	check proj/app/main.kotoba --source-path proj	0	69	ok profile=default effects=#{} exports=[run] modules=["app.main" "app.util"]	{:format :kotoba.cli-error/v1, :ok false, :error :not-available, :diagnostic {:format :kotoba.diagnostic/v1, :code :amu-main/not-available, :severity :error}, :
STUB	check pure.kotoba --json	0	69	{:ok true, :format :kotoba.check/v1, :language-profile nil, :effects #{}, :named-operations #{}, :exports [f], :admission {:abac {:abac/allowed? true, :abac/pol	{:format :kotoba.cli-error/v1, :ok false, :error :not-available, :diagnostic {:format :kotoba.diagnostic/v1, :code :amu-main/not-available, :severity :error}, :
SAME	check /private/tmp/nonexistent-checkfull.kotoba	65	65	error: invalid-data at /private/tmp/nonexistent-checkfull.kotoba: input must be a regular file	error: invalid-data at /private/tmp/nonexistent-checkfull.kotoba: input must be a regular file
SAME	check /Users/junkawasaki/nonexistent-checkfull.kotoba	65	65	error: invalid-data at /Users/junkawasaki/nonexistent-checkfull.kotoba: input must be a regular file	error: invalid-data at /Users/junkawasaki/nonexistent-checkfull.kotoba: input must be a regular file
SAME	check io.kotoba --policy /Users/junkawasaki/nonexistent-checkfull.edn	65	65	{:format :kotoba.cli-error/v1, :ok false, :error :decode, :diagnostic {:format :kotoba.diagnostic/v1, :code :kotoba/invalid-data, :severity :error, :source "io.	{:format :kotoba.cli-error/v1, :ok false, :error :decode, :diagnostic {:format :kotoba.diagnostic/v1, :code :kotoba/invalid-data, :severity :error, :source "io.
SAME	check io.kotoba --policy p01.edn	0	0	ok profile=default effects=#{[:cap/call :io/write]} exports=[hello]	ok profile=default effects=#{[:cap/call :io/write]} exports=[hello]
SAME	check pure.kotoba --policy p01.edn	0	0	ok profile=default effects=#{} exports=[f]	ok profile=default effects=#{} exports=[f]
SAME	check two.kotoba --policy p01.edn	65	65	error: capability-missing-grant at two.kotoba: capability policy denies required effects; missing grants #{[:cap/call :hash/sha256]} (required #{[:cap/call :io/	error: capability-missing-grant at two.kotoba: capability policy denies required effects; missing grants #{[:cap/call :hash/sha256]} (required #{[:cap/call :io/
SAME	check abort.kotoba --policy p01.edn	0	0	ok profile=default effects=#{:abort} exports=[run]	ok profile=default effects=#{:abort} exports=[run]
SAME	check io.kotoba --policy p02.edn	0	0	ok profile=default effects=#{[:cap/call :io/write]} exports=[hello]	ok profile=default effects=#{[:cap/call :io/write]} exports=[hello]
SAME	check pure.kotoba --policy p02.edn	0	0	ok profile=default effects=#{} exports=[f]	ok profile=default effects=#{} exports=[f]
SAME	check two.kotoba --policy p02.edn	65	65	error: capability-missing-grant at two.kotoba: capability policy denies required effects; missing grants #{[:cap/call :hash/sha256]} (required #{[:cap/call :io/	error: capability-missing-grant at two.kotoba: capability policy denies required effects; missing grants #{[:cap/call :hash/sha256]} (required #{[:cap/call :io/
SAME	check abort.kotoba --policy p02.edn	0	0	ok profile=default effects=#{:abort} exports=[run]	ok profile=default effects=#{:abort} exports=[run]
SAME	check io.kotoba --policy p03.edn	65	65	error: capability-denied at io.kotoba: malformed capability policy	error: capability-denied at io.kotoba: malformed capability policy
SAME	check pure.kotoba --policy p03.edn	65	65	error: capability-denied at pure.kotoba: malformed capability policy	error: capability-denied at pure.kotoba: malformed capability policy
SAME	check two.kotoba --policy p03.edn	65	65	error: capability-denied at two.kotoba: malformed capability policy	error: capability-denied at two.kotoba: malformed capability policy
SAME	check abort.kotoba --policy p03.edn	65	65	error: capability-denied at abort.kotoba: malformed capability policy	error: capability-denied at abort.kotoba: malformed capability policy
SAME	check io.kotoba --policy p04.edn	65	65	{:format :kotoba.cli-error/v1, :ok false, :error :admission, :diagnostic {:format :kotoba.diagnostic/v1, :code :kotoba/admission-denied, :severity :error, :sour	{:format :kotoba.cli-error/v1, :ok false, :error :admission, :diagnostic {:format :kotoba.diagnostic/v1, :code :kotoba/admission-denied, :severity :error, :sour
SAME	check pure.kotoba --policy p04.edn	65	65	{:format :kotoba.cli-error/v1, :ok false, :error :admission, :diagnostic {:format :kotoba.diagnostic/v1, :code :kotoba/admission-denied, :severity :error, :sour	{:format :kotoba.cli-error/v1, :ok false, :error :admission, :diagnostic {:format :kotoba.diagnostic/v1, :code :kotoba/admission-denied, :severity :error, :sour
SAME	check two.kotoba --policy p04.edn	65	65	{:format :kotoba.cli-error/v1, :ok false, :error :admission, :diagnostic {:format :kotoba.diagnostic/v1, :code :kotoba/admission-denied, :severity :error, :sour	{:format :kotoba.cli-error/v1, :ok false, :error :admission, :diagnostic {:format :kotoba.diagnostic/v1, :code :kotoba/admission-denied, :severity :error, :sour
SAME	check abort.kotoba --policy p04.edn	65	65	{:format :kotoba.cli-error/v1, :ok false, :error :admission, :diagnostic {:format :kotoba.diagnostic/v1, :code :kotoba/admission-denied, :severity :error, :sour	{:format :kotoba.cli-error/v1, :ok false, :error :admission, :diagnostic {:format :kotoba.diagnostic/v1, :code :kotoba/admission-denied, :severity :error, :sour
SAME	check io.kotoba --policy p05.edn	65	65	error: capability-denied at io.kotoba: malformed capability policy	error: capability-denied at io.kotoba: malformed capability policy
SAME	check pure.kotoba --policy p05.edn	65	65	error: capability-denied at pure.kotoba: malformed capability policy	error: capability-denied at pure.kotoba: malformed capability policy
SAME	check two.kotoba --policy p05.edn	65	65	error: capability-denied at two.kotoba: malformed capability policy	error: capability-denied at two.kotoba: malformed capability policy
SAME	check abort.kotoba --policy p05.edn	65	65	error: capability-denied at abort.kotoba: malformed capability policy	error: capability-denied at abort.kotoba: malformed capability policy
SAME	check io.kotoba --policy p06.edn	65	65	error: capability-missing-grant at io.kotoba: capability policy denies required effects; missing grants #{[:cap/call :io/write]} (required #{[:cap/call :io/writ	error: capability-missing-grant at io.kotoba: capability policy denies required effects; missing grants #{[:cap/call :io/write]} (required #{[:cap/call :io/writ
SAME	check pure.kotoba --policy p06.edn	0	0	ok profile=default effects=#{} exports=[f]	ok profile=default effects=#{} exports=[f]
SAME	check two.kotoba --policy p06.edn	65	65	error: capability-missing-grant at two.kotoba: capability policy denies required effects; missing grants #{[:cap/call :io/write] [:cap/call :hash/sha256]} (requ	error: capability-missing-grant at two.kotoba: capability policy denies required effects; missing grants #{[:cap/call :io/write] [:cap/call :hash/sha256]} (requ
SAME	check abort.kotoba --policy p06.edn	0	0	ok profile=default effects=#{:abort} exports=[run]	ok profile=default effects=#{:abort} exports=[run]
SAME-NORM	check io.kotoba --policy p07.edn	65	65	error: pure-product-forbidden at io.kotoba:2:29: form outside pure-product profile: typed-cap-call	error: pure-product-forbidden at io.kotoba: form outside pure-product profile: typed-cap-call
SAME	check pure.kotoba --policy p07.edn	0	0	ok profile=pure-product effects=#{} exports=[f]	ok profile=pure-product effects=#{} exports=[f]
SAME-NORM	check two.kotoba --policy p07.edn	65	65	error: pure-product-forbidden at two.kotoba:2:29: form outside pure-product profile: typed-cap-call	error: pure-product-forbidden at two.kotoba: form outside pure-product profile: typed-cap-call
SAME-NORM	check abort.kotoba --policy p07.edn	65	65	error: pure-product-forbidden at abort.kotoba:2:42: form outside pure-product profile: throw	error: pure-product-forbidden at abort.kotoba: form outside pure-product profile: throw
SAME	check io.kotoba --policy p08.edn	0	0	ok profile=default effects=#{[:cap/call :io/write]} exports=[hello]	ok profile=default effects=#{[:cap/call :io/write]} exports=[hello]
SAME	check pure.kotoba --policy p08.edn	0	0	ok profile=default effects=#{} exports=[f]	ok profile=default effects=#{} exports=[f]
SAME	check two.kotoba --policy p08.edn	65	65	error: capability-missing-grant at two.kotoba: capability policy denies required effects; missing grants #{[:cap/call :hash/sha256]} (required #{[:cap/call :io/	error: capability-missing-grant at two.kotoba: capability policy denies required effects; missing grants #{[:cap/call :hash/sha256]} (required #{[:cap/call :io/
SAME	check abort.kotoba --policy p08.edn	0	0	ok profile=default effects=#{:abort} exports=[run]	ok profile=default effects=#{:abort} exports=[run]
STUB	check io.kotoba --policy p09.edn	0	69	ok profile=default effects=#{[:cap/call :io/write]} exports=[hello]	{:format :kotoba.cli-error/v1, :ok false, :error :not-available, :diagnostic {:format :kotoba.diagnostic/v1, :code :amu-main/not-available, :severity :error}, :
STUB	check pure.kotoba --policy p09.edn	0	69	ok profile=default effects=#{} exports=[f]	{:format :kotoba.cli-error/v1, :ok false, :error :not-available, :diagnostic {:format :kotoba.diagnostic/v1, :code :amu-main/not-available, :severity :error}, :
SAME	check two.kotoba --policy p09.edn	65	65	error: capability-missing-grant at two.kotoba: capability policy denies required effects; missing grants #{[:cap/call :hash/sha256]} (required #{[:cap/call :io/	error: capability-missing-grant at two.kotoba: capability policy denies required effects; missing grants #{[:cap/call :hash/sha256]} (required #{[:cap/call :io/
STUB	check abort.kotoba --policy p09.edn	0	69	ok profile=default effects=#{:abort} exports=[run]	{:format :kotoba.cli-error/v1, :ok false, :error :not-available, :diagnostic {:format :kotoba.diagnostic/v1, :code :amu-main/not-available, :severity :error}, :
SAME	check io.kotoba --policy p10.edn	65	65	error: capability-denied at io.kotoba: malformed capability policy	error: capability-denied at io.kotoba: malformed capability policy
SAME	check pure.kotoba --policy p10.edn	65	65	error: capability-denied at pure.kotoba: malformed capability policy	error: capability-denied at pure.kotoba: malformed capability policy
SAME	check two.kotoba --policy p10.edn	65	65	error: capability-denied at two.kotoba: malformed capability policy	error: capability-denied at two.kotoba: malformed capability policy
SAME	check abort.kotoba --policy p10.edn	65	65	error: capability-denied at abort.kotoba: malformed capability policy	error: capability-denied at abort.kotoba: malformed capability policy
DECLARED	check io.kotoba --policy p12.edn	65	65	error: internal-error at io.kotoba: clojure.lang.PersistentVector cannot be cast to clojure.lang.IPersistentMap	error: capability-denied at io.kotoba: malformed capability policy
DECLARED	check pure.kotoba --policy p12.edn	65	65	error: internal-error at pure.kotoba: clojure.lang.PersistentVector cannot be cast to clojure.lang.IPersistentMap	error: capability-denied at pure.kotoba: malformed capability policy
DECLARED	check two.kotoba --policy p12.edn	65	65	error: internal-error at two.kotoba: clojure.lang.PersistentVector cannot be cast to clojure.lang.IPersistentMap	error: capability-denied at two.kotoba: malformed capability policy
DECLARED	check abort.kotoba --policy p12.edn	65	65	error: internal-error at abort.kotoba: clojure.lang.PersistentVector cannot be cast to clojure.lang.IPersistentMap	error: capability-denied at abort.kotoba: malformed capability policy
SAME	check io.kotoba --policy p13.edn	65	65	{:format :kotoba.cli-error/v1, :ok false, :error :decode, :diagnostic {:format :kotoba.diagnostic/v1, :code :kotoba/invalid-data, :severity :error, :source "io.	{:format :kotoba.cli-error/v1, :ok false, :error :decode, :diagnostic {:format :kotoba.diagnostic/v1, :code :kotoba/invalid-data, :severity :error, :source "io.
SAME	check pure.kotoba --policy p13.edn	65	65	{:format :kotoba.cli-error/v1, :ok false, :error :decode, :diagnostic {:format :kotoba.diagnostic/v1, :code :kotoba/invalid-data, :severity :error, :source "pur	{:format :kotoba.cli-error/v1, :ok false, :error :decode, :diagnostic {:format :kotoba.diagnostic/v1, :code :kotoba/invalid-data, :severity :error, :source "pur
SAME	check two.kotoba --policy p13.edn	65	65	{:format :kotoba.cli-error/v1, :ok false, :error :decode, :diagnostic {:format :kotoba.diagnostic/v1, :code :kotoba/invalid-data, :severity :error, :source "two	{:format :kotoba.cli-error/v1, :ok false, :error :decode, :diagnostic {:format :kotoba.diagnostic/v1, :code :kotoba/invalid-data, :severity :error, :source "two
SAME	check abort.kotoba --policy p13.edn	65	65	{:format :kotoba.cli-error/v1, :ok false, :error :decode, :diagnostic {:format :kotoba.diagnostic/v1, :code :kotoba/invalid-data, :severity :error, :source "abo	{:format :kotoba.cli-error/v1, :ok false, :error :decode, :diagnostic {:format :kotoba.diagnostic/v1, :code :kotoba/invalid-data, :severity :error, :source "abo
SAME	check io.kotoba --policy p14.edn	0	0	ok profile=default effects=#{[:cap/call :io/write]} exports=[hello]	ok profile=default effects=#{[:cap/call :io/write]} exports=[hello]
SAME	check pure.kotoba --policy p14.edn	0	0	ok profile=default effects=#{} exports=[f]	ok profile=default effects=#{} exports=[f]
SAME	check two.kotoba --policy p14.edn	0	0	ok profile=default effects=#{[:cap/call :io/write] [:cap/call :hash/sha256]} exports=[hello]	ok profile=default effects=#{[:cap/call :io/write] [:cap/call :hash/sha256]} exports=[hello]
SAME	check abort.kotoba --policy p14.edn	0	0	ok profile=default effects=#{:abort} exports=[run]	ok profile=default effects=#{:abort} exports=[run]
SAME	check io.kotoba --policy p15.edn	65	65	error: capability-denied at io.kotoba: malformed capability policy	error: capability-denied at io.kotoba: malformed capability policy
SAME	check pure.kotoba --policy p15.edn	65	65	error: capability-denied at pure.kotoba: malformed capability policy	error: capability-denied at pure.kotoba: malformed capability policy
SAME	check two.kotoba --policy p15.edn	65	65	error: capability-denied at two.kotoba: malformed capability policy	error: capability-denied at two.kotoba: malformed capability policy
SAME	check abort.kotoba --policy p15.edn	65	65	error: capability-denied at abort.kotoba: malformed capability policy	error: capability-denied at abort.kotoba: malformed capability policy
SAME	check io.kotoba --policy p16.edn	65	65	error: capability-denied at io.kotoba: malformed capability policy	error: capability-denied at io.kotoba: malformed capability policy
SAME	check pure.kotoba --policy p16.edn	65	65	error: capability-denied at pure.kotoba: malformed capability policy	error: capability-denied at pure.kotoba: malformed capability policy
SAME	check two.kotoba --policy p16.edn	65	65	error: capability-denied at two.kotoba: malformed capability policy	error: capability-denied at two.kotoba: malformed capability policy
SAME	check abort.kotoba --policy p16.edn	65	65	error: capability-denied at abort.kotoba: malformed capability policy	error: capability-denied at abort.kotoba: malformed capability policy
SAME	check io.kotoba --policy p17.edn	65	65	error: capability-denied at io.kotoba: malformed capability policy	error: capability-denied at io.kotoba: malformed capability policy
SAME	check pure.kotoba --policy p17.edn	65	65	error: capability-denied at pure.kotoba: malformed capability policy	error: capability-denied at pure.kotoba: malformed capability policy
SAME	check two.kotoba --policy p17.edn	65	65	error: capability-denied at two.kotoba: malformed capability policy	error: capability-denied at two.kotoba: malformed capability policy
SAME	check abort.kotoba --policy p17.edn	65	65	error: capability-denied at abort.kotoba: malformed capability policy	error: capability-denied at abort.kotoba: malformed capability policy
SAME	check io.kotoba --policy p18.edn	65	65	{:format :kotoba.cli-error/v1, :ok false, :error :decode, :diagnostic {:format :kotoba.diagnostic/v1, :code :kotoba/invalid-data, :severity :error, :source "io.	{:format :kotoba.cli-error/v1, :ok false, :error :decode, :diagnostic {:format :kotoba.diagnostic/v1, :code :kotoba/invalid-data, :severity :error, :source "io.
SAME	check pure.kotoba --policy p18.edn	65	65	{:format :kotoba.cli-error/v1, :ok false, :error :decode, :diagnostic {:format :kotoba.diagnostic/v1, :code :kotoba/invalid-data, :severity :error, :source "pur	{:format :kotoba.cli-error/v1, :ok false, :error :decode, :diagnostic {:format :kotoba.diagnostic/v1, :code :kotoba/invalid-data, :severity :error, :source "pur
SAME	check two.kotoba --policy p18.edn	65	65	{:format :kotoba.cli-error/v1, :ok false, :error :decode, :diagnostic {:format :kotoba.diagnostic/v1, :code :kotoba/invalid-data, :severity :error, :source "two	{:format :kotoba.cli-error/v1, :ok false, :error :decode, :diagnostic {:format :kotoba.diagnostic/v1, :code :kotoba/invalid-data, :severity :error, :source "two
SAME	check abort.kotoba --policy p18.edn	65	65	{:format :kotoba.cli-error/v1, :ok false, :error :decode, :diagnostic {:format :kotoba.diagnostic/v1, :code :kotoba/invalid-data, :severity :error, :source "abo	{:format :kotoba.cli-error/v1, :ok false, :error :decode, :diagnostic {:format :kotoba.diagnostic/v1, :code :kotoba/invalid-data, :severity :error, :source "abo
SAME	check io.kotoba --policy p19.edn	65	65	error: capability-denied at io.kotoba: malformed capability policy	error: capability-denied at io.kotoba: malformed capability policy
SAME	check pure.kotoba --policy p19.edn	65	65	error: capability-denied at pure.kotoba: malformed capability policy	error: capability-denied at pure.kotoba: malformed capability policy
SAME	check two.kotoba --policy p19.edn	65	65	error: capability-denied at two.kotoba: malformed capability policy	error: capability-denied at two.kotoba: malformed capability policy
SAME	check abort.kotoba --policy p19.edn	65	65	error: capability-denied at abort.kotoba: malformed capability policy	error: capability-denied at abort.kotoba: malformed capability policy
SAME	check io.kotoba --policy p20.edn	65	65	{:format :kotoba.cli-error/v1, :ok false, :error :decode, :diagnostic {:format :kotoba.diagnostic/v1, :code :kotoba/invalid-data, :severity :error, :source "io.	{:format :kotoba.cli-error/v1, :ok false, :error :decode, :diagnostic {:format :kotoba.diagnostic/v1, :code :kotoba/invalid-data, :severity :error, :source "io.
SAME	check pure.kotoba --policy p20.edn	65	65	{:format :kotoba.cli-error/v1, :ok false, :error :decode, :diagnostic {:format :kotoba.diagnostic/v1, :code :kotoba/invalid-data, :severity :error, :source "pur	{:format :kotoba.cli-error/v1, :ok false, :error :decode, :diagnostic {:format :kotoba.diagnostic/v1, :code :kotoba/invalid-data, :severity :error, :source "pur
SAME	check two.kotoba --policy p20.edn	65	65	{:format :kotoba.cli-error/v1, :ok false, :error :decode, :diagnostic {:format :kotoba.diagnostic/v1, :code :kotoba/invalid-data, :severity :error, :source "two	{:format :kotoba.cli-error/v1, :ok false, :error :decode, :diagnostic {:format :kotoba.diagnostic/v1, :code :kotoba/invalid-data, :severity :error, :source "two
SAME	check abort.kotoba --policy p20.edn	65	65	{:format :kotoba.cli-error/v1, :ok false, :error :decode, :diagnostic {:format :kotoba.diagnostic/v1, :code :kotoba/invalid-data, :severity :error, :source "abo	{:format :kotoba.cli-error/v1, :ok false, :error :decode, :diagnostic {:format :kotoba.diagnostic/v1, :code :kotoba/invalid-data, :severity :error, :source "abo
SAME-NORM	check io.kotoba --policy p21.edn	65	65	error: pure-product-forbidden at io.kotoba:2:29: form outside pure-product profile: typed-cap-call	error: pure-product-forbidden at io.kotoba: form outside pure-product profile: typed-cap-call
SAME	check pure.kotoba --policy p21.edn	0	0	ok profile=pure-product effects=#{} exports=[f]	ok profile=pure-product effects=#{} exports=[f]
SAME-NORM	check two.kotoba --policy p21.edn	65	65	error: pure-product-forbidden at two.kotoba:2:29: form outside pure-product profile: typed-cap-call	error: pure-product-forbidden at two.kotoba: form outside pure-product profile: typed-cap-call
SAME-NORM	check abort.kotoba --policy p21.edn	65	65	error: pure-product-forbidden at abort.kotoba:2:42: form outside pure-product profile: throw	error: pure-product-forbidden at abort.kotoba: form outside pure-product profile: throw
SAME	check io.kotoba --policy p22.edn	0	0	ok profile=default effects=#{[:cap/call :io/write]} exports=[hello]	ok profile=default effects=#{[:cap/call :io/write]} exports=[hello]
SAME	check pure.kotoba --policy p22.edn	0	0	ok profile=default effects=#{} exports=[f]	ok profile=default effects=#{} exports=[f]
SAME	check two.kotoba --policy p22.edn	65	65	error: capability-missing-grant at two.kotoba: capability policy denies required effects; missing grants #{[:cap/call :hash/sha256]} (required #{[:cap/call :io/	error: capability-missing-grant at two.kotoba: capability policy denies required effects; missing grants #{[:cap/call :hash/sha256]} (required #{[:cap/call :io/
SAME	check abort.kotoba --policy p22.edn	0	0	ok profile=default effects=#{:abort} exports=[run]	ok profile=default effects=#{:abort} exports=[run]
SAME	check io.kotoba --policy p23.edn	65	65	error: capability-denied at io.kotoba: malformed capability policy	error: capability-denied at io.kotoba: malformed capability policy
SAME	check pure.kotoba --policy p23.edn	65	65	error: capability-denied at pure.kotoba: malformed capability policy	error: capability-denied at pure.kotoba: malformed capability policy
SAME	check two.kotoba --policy p23.edn	65	65	error: capability-denied at two.kotoba: malformed capability policy	error: capability-denied at two.kotoba: malformed capability policy
SAME	check abort.kotoba --policy p23.edn	65	65	error: capability-denied at abort.kotoba: malformed capability policy	error: capability-denied at abort.kotoba: malformed capability policy
SAME	check io.kotoba --policy p24.edn	65	65	error: capability-missing-grant at io.kotoba: capability policy denies required effects; missing grants #{[:cap/call :io/write]} (required #{[:cap/call :io/writ	error: capability-missing-grant at io.kotoba: capability policy denies required effects; missing grants #{[:cap/call :io/write]} (required #{[:cap/call :io/writ
STUB	check pure.kotoba --policy p24.edn	0	69	ok profile=default effects=#{} exports=[f]	{:format :kotoba.cli-error/v1, :ok false, :error :not-available, :diagnostic {:format :kotoba.diagnostic/v1, :code :amu-main/not-available, :severity :error}, :
SAME	check two.kotoba --policy p24.edn	65	65	error: capability-missing-grant at two.kotoba: capability policy denies required effects; missing grants #{[:cap/call :io/write] [:cap/call :hash/sha256]} (requ	error: capability-missing-grant at two.kotoba: capability policy denies required effects; missing grants #{[:cap/call :io/write] [:cap/call :hash/sha256]} (requ
STUB	check abort.kotoba --policy p24.edn	0	69	ok profile=default effects=#{:abort} exports=[run]	{:format :kotoba.cli-error/v1, :ok false, :error :not-available, :diagnostic {:format :kotoba.diagnostic/v1, :code :amu-main/not-available, :severity :error}, :
SAME	check io.kotoba --policy p25.edn	65	65	error: capability-missing-grant at io.kotoba: capability policy denies required effects; missing grants #{[:cap/call :io/write]} (required #{[:cap/call :io/writ	error: capability-missing-grant at io.kotoba: capability policy denies required effects; missing grants #{[:cap/call :io/write]} (required #{[:cap/call :io/writ
SAME	check pure.kotoba --policy p25.edn	0	0	ok profile=bogus effects=#{} exports=[f]	ok profile=bogus effects=#{} exports=[f]
SAME	check two.kotoba --policy p25.edn	65	65	error: capability-missing-grant at two.kotoba: capability policy denies required effects; missing grants #{[:cap/call :io/write] [:cap/call :hash/sha256]} (requ	error: capability-missing-grant at two.kotoba: capability policy denies required effects; missing grants #{[:cap/call :io/write] [:cap/call :hash/sha256]} (requ
SAME	check abort.kotoba --policy p25.edn	0	0	ok profile=bogus effects=#{:abort} exports=[run]	ok profile=bogus effects=#{:abort} exports=[run]
SAME	check io.kotoba --policy p26.edn	65	65	error: capability-missing-grant at io.kotoba: capability policy denies required effects; missing grants #{[:cap/call :io/write]} (required #{[:cap/call :io/writ	error: capability-missing-grant at io.kotoba: capability policy denies required effects; missing grants #{[:cap/call :io/write]} (required #{[:cap/call :io/writ
SAME	check pure.kotoba --policy p26.edn	0	0	ok profile=default effects=#{} exports=[f]	ok profile=default effects=#{} exports=[f]
SAME	check two.kotoba --policy p26.edn	65	65	error: capability-missing-grant at two.kotoba: capability policy denies required effects; missing grants #{[:cap/call :io/write]} (required #{[:cap/call :io/wri	error: capability-missing-grant at two.kotoba: capability policy denies required effects; missing grants #{[:cap/call :io/write]} (required #{[:cap/call :io/wri
SAME	check abort.kotoba --policy p26.edn	0	0	ok profile=default effects=#{:abort} exports=[run]	ok profile=default effects=#{:abort} exports=[run]
SAME	check io.kotoba --policy p27.edn	65	65	error: capability-denied at io.kotoba: malformed capability policy	error: capability-denied at io.kotoba: malformed capability policy
SAME	check pure.kotoba --policy p27.edn	65	65	error: capability-denied at pure.kotoba: malformed capability policy	error: capability-denied at pure.kotoba: malformed capability policy
SAME	check two.kotoba --policy p27.edn	65	65	error: capability-denied at two.kotoba: malformed capability policy	error: capability-denied at two.kotoba: malformed capability policy
SAME	check abort.kotoba --policy p27.edn	65	65	error: capability-denied at abort.kotoba: malformed capability policy	error: capability-denied at abort.kotoba: malformed capability policy
SAME	check io.kotoba --policy p28.edn	65	65	error: capability-missing-grant at io.kotoba: capability policy denies required effects; missing grants #{[:cap/call :io/write]} (required #{[:cap/call :io/writ	error: capability-missing-grant at io.kotoba: capability policy denies required effects; missing grants #{[:cap/call :io/write]} (required #{[:cap/call :io/writ
STUB	check pure.kotoba --policy p28.edn	0	69	ok profile=default effects=#{} exports=[f]	{:format :kotoba.cli-error/v1, :ok false, :error :not-available, :diagnostic {:format :kotoba.diagnostic/v1, :code :amu-main/not-available, :severity :error}, :
SAME	check two.kotoba --policy p28.edn	65	65	error: capability-missing-grant at two.kotoba: capability policy denies required effects; missing grants #{[:cap/call :io/write] [:cap/call :hash/sha256]} (requ	error: capability-missing-grant at two.kotoba: capability policy denies required effects; missing grants #{[:cap/call :io/write] [:cap/call :hash/sha256]} (requ
STUB	check abort.kotoba --policy p28.edn	0	69	ok profile=default effects=#{:abort} exports=[run]	{:format :kotoba.cli-error/v1, :ok false, :error :not-available, :diagnostic {:format :kotoba.diagnostic/v1, :code :amu-main/not-available, :severity :error}, :
SAME	check io.kotoba --policy p29.edn	0	0	ok profile=default effects=#{[:cap/call :io/write]} exports=[hello]	ok profile=default effects=#{[:cap/call :io/write]} exports=[hello]
SAME	check pure.kotoba --policy p29.edn	0	0	ok profile=default effects=#{} exports=[f]	ok profile=default effects=#{} exports=[f]
SAME-NORM	check two.kotoba --policy p29.edn	65	65	error: capability-missing-grant at two.kotoba: capability policy denies required effects; missing grants #{[:cap/call :hash/sha256]} (required #{[:cap/call :io/	error: capability-missing-grant at two.kotoba: capability policy denies required effects; missing grants #{[:cap/call :hash/sha256]} (required #{[:cap/call :io/
SAME	check abort.kotoba --policy p29.edn	0	0	ok profile=default effects=#{:abort} exports=[run]	ok profile=default effects=#{:abort} exports=[run]
SAME	check io.kotoba --policy p30.edn	65	65	{:format :kotoba.cli-error/v1, :ok false, :error :decode, :diagnostic {:format :kotoba.diagnostic/v1, :code :kotoba/invalid-data, :severity :error, :source "io.	{:format :kotoba.cli-error/v1, :ok false, :error :decode, :diagnostic {:format :kotoba.diagnostic/v1, :code :kotoba/invalid-data, :severity :error, :source "io.
SAME	check pure.kotoba --policy p30.edn	65	65	{:format :kotoba.cli-error/v1, :ok false, :error :decode, :diagnostic {:format :kotoba.diagnostic/v1, :code :kotoba/invalid-data, :severity :error, :source "pur	{:format :kotoba.cli-error/v1, :ok false, :error :decode, :diagnostic {:format :kotoba.diagnostic/v1, :code :kotoba/invalid-data, :severity :error, :source "pur
SAME	check two.kotoba --policy p30.edn	65	65	{:format :kotoba.cli-error/v1, :ok false, :error :decode, :diagnostic {:format :kotoba.diagnostic/v1, :code :kotoba/invalid-data, :severity :error, :source "two	{:format :kotoba.cli-error/v1, :ok false, :error :decode, :diagnostic {:format :kotoba.diagnostic/v1, :code :kotoba/invalid-data, :severity :error, :source "two
SAME	check abort.kotoba --policy p30.edn	65	65	{:format :kotoba.cli-error/v1, :ok false, :error :decode, :diagnostic {:format :kotoba.diagnostic/v1, :code :kotoba/invalid-data, :severity :error, :source "abo	{:format :kotoba.cli-error/v1, :ok false, :error :decode, :diagnostic {:format :kotoba.diagnostic/v1, :code :kotoba/invalid-data, :severity :error, :source "abo
SAME	check io.kotoba --policy p31.edn	0	0	ok profile=default effects=#{[:cap/call :io/write]} exports=[hello]	ok profile=default effects=#{[:cap/call :io/write]} exports=[hello]
SAME	check pure.kotoba --policy p31.edn	0	0	ok profile=default effects=#{} exports=[f]	ok profile=default effects=#{} exports=[f]
SAME	check two.kotoba --policy p31.edn	65	65	error: capability-missing-grant at two.kotoba: capability policy denies required effects; missing grants #{[:cap/call :hash/sha256]} (required #{[:cap/call :io/	error: capability-missing-grant at two.kotoba: capability policy denies required effects; missing grants #{[:cap/call :hash/sha256]} (required #{[:cap/call :io/
SAME	check abort.kotoba --policy p31.edn	0	0	ok profile=default effects=#{:abort} exports=[run]	ok profile=default effects=#{:abort} exports=[run]
SAME	check io.kotoba --policy p32.edn	65	65	error: capability-denied at io.kotoba: malformed capability policy	error: capability-denied at io.kotoba: malformed capability policy
SAME	check pure.kotoba --policy p32.edn	65	65	error: capability-denied at pure.kotoba: malformed capability policy	error: capability-denied at pure.kotoba: malformed capability policy
SAME	check two.kotoba --policy p32.edn	65	65	error: capability-denied at two.kotoba: malformed capability policy	error: capability-denied at two.kotoba: malformed capability policy
SAME	check abort.kotoba --policy p32.edn	65	65	error: capability-denied at abort.kotoba: malformed capability policy	error: capability-denied at abort.kotoba: malformed capability policy
SAME	check io.kotoba --policy p33.edn	70	70	error: internal-error at io.kotoba: HIR rejected: invalid-language-profile	error: internal-error at io.kotoba: HIR rejected: invalid-language-profile
SAME	check pure.kotoba --policy p33.edn	70	70	error: internal-error at pure.kotoba: HIR rejected: invalid-language-profile	error: internal-error at pure.kotoba: HIR rejected: invalid-language-profile
SAME	check two.kotoba --policy p33.edn	70	70	error: internal-error at two.kotoba: HIR rejected: invalid-language-profile	error: internal-error at two.kotoba: HIR rejected: invalid-language-profile
SAME	check abort.kotoba --policy p33.edn	70	70	error: internal-error at abort.kotoba: HIR rejected: invalid-language-profile	error: internal-error at abort.kotoba: HIR rejected: invalid-language-profile
SAME	check io.kotoba --policy p34.edn	65	65	{:format :kotoba.cli-error/v1, :ok false, :error :decode, :diagnostic {:format :kotoba.diagnostic/v1, :code :kotoba/invalid-data, :severity :error, :source "io.	{:format :kotoba.cli-error/v1, :ok false, :error :decode, :diagnostic {:format :kotoba.diagnostic/v1, :code :kotoba/invalid-data, :severity :error, :source "io.
SAME	check pure.kotoba --policy p34.edn	65	65	{:format :kotoba.cli-error/v1, :ok false, :error :decode, :diagnostic {:format :kotoba.diagnostic/v1, :code :kotoba/invalid-data, :severity :error, :source "pur	{:format :kotoba.cli-error/v1, :ok false, :error :decode, :diagnostic {:format :kotoba.diagnostic/v1, :code :kotoba/invalid-data, :severity :error, :source "pur
SAME	check two.kotoba --policy p34.edn	65	65	{:format :kotoba.cli-error/v1, :ok false, :error :decode, :diagnostic {:format :kotoba.diagnostic/v1, :code :kotoba/invalid-data, :severity :error, :source "two	{:format :kotoba.cli-error/v1, :ok false, :error :decode, :diagnostic {:format :kotoba.diagnostic/v1, :code :kotoba/invalid-data, :severity :error, :source "two
SAME	check abort.kotoba --policy p34.edn	65	65	{:format :kotoba.cli-error/v1, :ok false, :error :decode, :diagnostic {:format :kotoba.diagnostic/v1, :code :kotoba/invalid-data, :severity :error, :source "abo	{:format :kotoba.cli-error/v1, :ok false, :error :decode, :diagnostic {:format :kotoba.diagnostic/v1, :code :kotoba/invalid-data, :severity :error, :source "abo
SAME	check io.kotoba --policy p35.edn	0	0	ok profile=default effects=#{[:cap/call :io/write]} exports=[hello]	ok profile=default effects=#{[:cap/call :io/write]} exports=[hello]
SAME	check pure.kotoba --policy p35.edn	0	0	ok profile=default effects=#{} exports=[f]	ok profile=default effects=#{} exports=[f]
SAME	check two.kotoba --policy p35.edn	65	65	error: capability-missing-grant at two.kotoba: capability policy denies required effects; missing grants #{[:cap/call :hash/sha256]} (required #{[:cap/call :io/	error: capability-missing-grant at two.kotoba: capability policy denies required effects; missing grants #{[:cap/call :hash/sha256]} (required #{[:cap/call :io/
SAME	check abort.kotoba --policy p35.edn	0	0	ok profile=default effects=#{:abort} exports=[run]	ok profile=default effects=#{:abort} exports=[run]
