embench.ports.aha-mont64	0	ok profile=default effects=#{} exports=[run test-aha-mont64]	0	ok profile=default effects=#{} exports=[run test-aha-mont64]	SAME-OK
embench.ports.crc32	0	ok profile=default effects=#{} exports=[run test-crc32]	0	ok profile=default effects=#{} exports=[run test-crc32]	SAME-OK
embench.ports.depthconv	0	ok profile=default effects=#{} exports=[run test-depthconv]	0	ok profile=default effects=#{} exports=[run test-depthconv]	SAME-OK
embench.ports.edn	0	ok profile=default effects=#{} exports=[run test-edn]	0	ok profile=default effects=#{} exports=[run test-edn]	SAME-OK
embench.ports.huffbench	0	ok profile=default effects=#{} exports=[run test-huffbench]	0	ok profile=default effects=#{} exports=[run test-huffbench]	SAME-OK
embench.ports.matmult-int	0	ok profile=default effects=#{} exports=[run test-matmult]	0	ok profile=default effects=#{} exports=[run test-matmult]	SAME-OK
embench.ports.md5sum	0	ok profile=default effects=#{} exports=[run test-md5sum]	0	ok profile=default effects=#{} exports=[run test-md5sum]	SAME-OK
embench.ports.nettle-aes	0	ok profile=default effects=#{} exports=[run test-nettle-aes]	0	ok profile=default effects=#{} exports=[run test-nettle-aes]	SAME-OK
embench.ports.nettle-sha256	0	ok profile=default effects=#{} exports=[run test-nettle-sha256]	0	ok profile=default effects=#{} exports=[run test-nettle-sha256]	SAME-OK
embench.ports.nsichneu	0	ok profile=default effects=#{} exports=[run test-nsichneu]	0	ok profile=default effects=#{} exports=[run test-nsichneu]	SAME-OK
embench.ports.picojpeg	0	ok profile=default effects=#{} exports=[run test-picojpeg]	0	ok profile=default effects=#{} exports=[run test-picojpeg]	SAME-OK
embench.ports.qrduino	0	ok profile=default effects=#{} exports=[run test-qrduino]	0	ok profile=default effects=#{} exports=[run test-qrduino]	SAME-OK
embench.ports.sglib-combined	0	ok profile=default effects=#{} exports=[run test-sglib-combined]	0	ok profile=default effects=#{} exports=[run test-sglib-combined]	SAME-OK
embench.ports.slre	0	ok profile=default effects=#{} exports=[run test-slre]	0	ok profile=default effects=#{} exports=[run test-slre]	SAME-OK
embench.ports.statemate	0	ok profile=default effects=#{} exports=[run test-statemate]	0	ok profile=default effects=#{} exports=[run test-statemate]	SAME-OK
embench.ports.tarfind	0	ok profile=default effects=#{} exports=[run test-tarfind]	0	ok profile=default effects=#{} exports=[run test-tarfind]	SAME-OK
embench.ports.ud	0	ok profile=default effects=#{} exports=[run test-ud]	0	ok profile=default effects=#{} exports=[run test-ud]	SAME-OK
embench.ports.wikisort	0	ok profile=default effects=#{} exports=[run test-wikisort]	0	ok profile=default effects=#{} exports=[run test-wikisort]	SAME-OK
embench.ports.xgboost	0	ok profile=default effects=#{} exports=[run test-xgboost]	0	ok profile=default effects=#{} exports=[run test-xgboost]	SAME-OK
seed.tests.r1.feat.01-do-value	0	ok profile=default effects=#{} exports=[test]	0	ok profile=default effects=#{} exports=[test]	SAME-OK
seed.tests.r1.feat.02-do-nested	0	ok profile=default effects=#{} exports=[test]	0	ok profile=default effects=#{} exports=[test]	SAME-OK
seed.tests.r1.feat.03-do-calls	0	ok profile=default effects=#{} exports=[test]	0	ok profile=default effects=#{} exports=[test]	SAME-OK
seed.tests.r1.feat.04-do-trap-order	0	ok profile=default effects=#{} exports=[test]	0	ok profile=default effects=#{} exports=[test]	SAME-OK
seed.tests.r1.feat.05-when-true	0	ok profile=default effects=#{} exports=[test]	0	ok profile=default effects=#{} exports=[test]	SAME-OK
seed.tests.r1.feat.06-when-false	0	ok profile=default effects=#{} exports=[test]	0	ok profile=default effects=#{} exports=[test]	SAME-OK
seed.tests.r1.feat.07-when-multi	0	ok profile=default effects=#{} exports=[test]	0	ok profile=default effects=#{} exports=[test]	SAME-OK
seed.tests.r1.feat.08-when-skip-trap	0	ok profile=default effects=#{} exports=[test]	0	ok profile=default effects=#{} exports=[test]	SAME-OK
seed.tests.r1.feat.09-cond-first	0	ok profile=default effects=#{} exports=[test]	0	ok profile=default effects=#{} exports=[test]	SAME-OK
seed.tests.r1.feat.10-cond-middle	0	ok profile=default effects=#{} exports=[test]	0	ok profile=default effects=#{} exports=[test]	SAME-OK
seed.tests.r1.feat.11-cond-else	0	ok profile=default effects=#{} exports=[test]	0	ok profile=default effects=#{} exports=[test]	SAME-OK
seed.tests.r1.feat.12-cond-nested	0	ok profile=default effects=#{} exports=[test]	0	ok profile=default effects=#{} exports=[test]	SAME-OK
seed.tests.r1.feat.13-cond-ten	0	ok profile=default effects=#{} exports=[test]	0	ok profile=default effects=#{} exports=[test]	SAME-OK
seed.tests.r1.feat.14-cond-loop	0	ok profile=default effects=#{} exports=[test]	0	ok profile=default effects=#{} exports=[test]	SAME-OK
seed.tests.r1.feat.15-case-i64-hit	0	ok profile=default effects=#{} exports=[test]	0	ok profile=default effects=#{} exports=[test]	SAME-OK
seed.tests.r1.feat.16-case-i64-default	0	ok profile=default effects=#{} exports=[test]	0	ok profile=default effects=#{} exports=[test]	SAME-OK
seed.tests.r1.feat.17-case-negative	0	ok profile=default effects=#{} exports=[test]	0	ok profile=default effects=#{} exports=[test]	SAME-OK
seed.tests.r1.feat.18-case-kw-hit	0	ok profile=default effects=#{} exports=[test]	0	ok profile=default effects=#{} exports=[test]	SAME-OK
seed.tests.r1.feat.19-case-kw-default	0	ok profile=default effects=#{} exports=[test]	0	ok profile=default effects=#{} exports=[test]	SAME-OK
seed.tests.r1.feat.20-case-grouped	0	ok profile=default effects=#{} exports=[test]	0	ok profile=default effects=#{} exports=[test]	SAME-OK
seed.tests.r1.feat.21-case-loop	0	ok profile=default effects=#{} exports=[test]	0	ok profile=default effects=#{} exports=[test]	SAME-OK
seed.tests.r1.feat.22-case-expr	0	ok profile=default effects=#{} exports=[test]	0	ok profile=default effects=#{} exports=[test]	SAME-OK
seed.tests.r1.feat.23-case-min	0	ok profile=default effects=#{} exports=[test]	0	ok profile=default effects=#{} exports=[test]	SAME-OK
seed.tests.r1.feat.24-thread-first	0	ok profile=default effects=#{} exports=[test]	0	ok profile=default effects=#{} exports=[test]	SAME-OK
seed.tests.r1.feat.25-thread-last	0	ok profile=default effects=#{} exports=[test]	0	ok profile=default effects=#{} exports=[test]	SAME-OK
seed.tests.r1.feat.26-thread-in-arith	0	ok profile=default effects=#{} exports=[test]	0	ok profile=default effects=#{} exports=[test]	SAME-OK
seed.tests.r1.feat.27-thread-bare	0	ok profile=default effects=#{} exports=[test]	0	ok profile=default effects=#{} exports=[test]	SAME-OK
seed.tests.r1.feat.28-thread-nested	0	ok profile=default effects=#{} exports=[test]	0	ok profile=default effects=#{} exports=[test]	SAME-OK
seed.tests.r1.feat.29-dotimes-value	0	ok profile=default effects=#{} exports=[test]	0	ok profile=default effects=#{} exports=[test]	SAME-OK
seed.tests.r1.feat.30-dotimes-zero	0	ok profile=default effects=#{} exports=[test]	0	ok profile=default effects=#{} exports=[test]	SAME-OK
seed.tests.r1.feat.31-dotimes-trap-last	0	ok profile=default effects=#{} exports=[test]	0	ok profile=default effects=#{} exports=[test]	SAME-OK
seed.tests.r1.feat.32-dotimes-calls	0	ok profile=default effects=#{} exports=[test]	0	ok profile=default effects=#{} exports=[test]	SAME-OK
seed.tests.r1.feat.33-dotimes-nested	0	ok profile=default effects=#{} exports=[test]	0	ok profile=default effects=#{} exports=[test]	SAME-OK
seed.tests.r1.feat.34-kw-eq	0	ok profile=default effects=#{} exports=[test]	0	ok profile=default effects=#{} exports=[test]	SAME-OK
seed.tests.r1.feat.35-kw-ne	0	ok profile=default effects=#{} exports=[test]	0	ok profile=default effects=#{} exports=[test]	SAME-OK
seed.tests.r1.feat.36-rec-basic	0	ok profile=default effects=#{} exports=[test]	0	ok profile=default effects=#{} exports=[test]	SAME-OK
seed.tests.r1.feat.37-rec-bool	0	ok profile=default effects=#{} exports=[test]	0	ok profile=default effects=#{} exports=[test]	SAME-OK
seed.tests.r1.feat.38-rec-string	0	ok profile=default effects=#{} exports=[test]	0	ok profile=default effects=#{} exports=[test]	SAME-OK
seed.tests.r1.feat.39-rec-param	0	ok profile=default effects=#{} exports=[test]	0	ok profile=default effects=#{} exports=[test]	SAME-OK
seed.tests.r1.feat.40-rec-two-types	0	ok profile=default effects=#{} exports=[test]	0	ok profile=default effects=#{} exports=[test]	SAME-OK
seed.tests.r1.feat.41-rec-loop	0	ok profile=default effects=#{} exports=[test]	0	ok profile=default effects=#{} exports=[test]	SAME-OK
seed.tests.r1.feat.42-rec-assoc	0	ok profile=default effects=#{} exports=[test]	0	ok profile=default effects=#{} exports=[test]	SAME-OK
seed.tests.r1.feat.43-rec-map-ctor	0	ok profile=default effects=#{} exports=[test]	0	ok profile=default effects=#{} exports=[test]	SAME-OK
seed.tests.r1.feat.44-rec-six-fields	0	ok profile=default effects=#{} exports=[test]	0	ok profile=default effects=#{} exports=[test]	SAME-OK
seed.tests.r1.feat.45-rec-result	0	ok profile=default effects=#{} exports=[test]	0	ok profile=default effects=#{} exports=[test]	SAME-OK
seed.tests.r1.feat.46-doseq-trap	65	error: subset-reject at /Users/junkawasaki/github/wt/amu-seed17/seed/tests/r1/feat/46-doseq-trap.kotoba: if test is :i64, and a number is never truthy: compare it (for example (not= x 0)) or answer :b	65	error: subset-reject at /Users/junkawasaki/github/wt/amu-seed17/seed/tests/r1/feat/46-doseq-trap.kotoba: if test is :i64, and a number is never truthy: compare it (for example (not= x 0)) or answer :b	SAME-REFUSE
seed.tests.r1.feat.47-doseq-no-trap	65	error: subset-reject at /Users/junkawasaki/github/wt/amu-seed17/seed/tests/r1/feat/47-doseq-no-trap.kotoba: if test is :i64, and a number is never truthy: compare it (for example (not= x 0)) or answer	65	error: subset-reject at /Users/junkawasaki/github/wt/amu-seed17/seed/tests/r1/feat/47-doseq-no-trap.kotoba: if test is :i64, and a number is never truthy: compare it (for example (not= x 0)) or answer	SAME-REFUSE
seed.tests.r1.feat.48-doseq-empty	65	error: subset-reject at /Users/junkawasaki/github/wt/amu-seed17/seed/tests/r1/feat/48-doseq-empty.kotoba: if test is :i64, and a number is never truthy: compare it (for example (not= x 0)) or answer :	65	error: subset-reject at /Users/junkawasaki/github/wt/amu-seed17/seed/tests/r1/feat/48-doseq-empty.kotoba: if test is :i64, and a number is never truthy: compare it (for example (not= x 0)) or answer :	SAME-REFUSE
seed.tests.r1.feat.49-doseq-literal	65	error: subset-reject at /Users/junkawasaki/github/wt/amu-seed17/seed/tests/r1/feat/49-doseq-literal.kotoba: if test is :i64, and a number is never truthy: compare it (for example (not= x 0)) or answer	65	error: subset-reject at /Users/junkawasaki/github/wt/amu-seed17/seed/tests/r1/feat/49-doseq-literal.kotoba: if test is :i64, and a number is never truthy: compare it (for example (not= x 0)) or answer	SAME-REFUSE
seed.tests.r1.conf.c01-case-threading	0	ok profile=default effects=#{} exports=[test]	0	ok profile=default effects=#{} exports=[test]	SAME-OK
seed.tests.r1.conf.c02-condp	0	ok profile=default effects=#{} exports=[test]	0	ok profile=default effects=#{} exports=[test]	SAME-OK
seed.tests.r1.conf.c03-dotimes	0	ok profile=default effects=#{} exports=[test]	0	ok profile=default effects=#{} exports=[test]	SAME-OK
seed.tests.r1.conf.c04-match-desugar	0	ok profile=default effects=#{} exports=[test]	0	ok profile=default effects=#{} exports=[test]	SAME-OK
seed.tests.r1.conf.c05-simple-sugar	0	ok profile=default effects=#{} exports=[test]	0	ok profile=default effects=#{} exports=[test]	SAME-OK
seed.tests.r1.conf.c06-records	0	ok profile=default effects=#{} exports=[test]	0	ok profile=default effects=#{} exports=[test]	SAME-OK
seed.tests.r1.conf.c07-values	0	ok profile=default effects=#{} exports=[test]	0	ok profile=default effects=#{} exports=[test]	SAME-OK
seed.tests.r1.conf.c08-doseq	65	error: subset-reject at /Users/junkawasaki/github/wt/amu-seed17/seed/tests/r1/conf/c08-doseq.kotoba: if test is :i64, and a number is never truthy: compare it (for example (not= x 0)) or answer :bool	65	error: subset-reject at /Users/junkawasaki/github/wt/amu-seed17/seed/tests/r1/conf/c08-doseq.kotoba: if test is :i64, and a number is never truthy: compare it (for example (not= x 0)) or answer :bool	SAME-REFUSE
seed.tests.corpus.001-i64-wrap-add	0	ok profile=default effects=#{} exports=[test-001]	0	ok profile=default effects=#{} exports=[test-001]	SAME-OK
seed.tests.corpus.002-i64-wrap-sub	0	ok profile=default effects=#{} exports=[test-002]	0	ok profile=default effects=#{} exports=[test-002]	SAME-OK
seed.tests.corpus.003-i64-wrap-mul	0	ok profile=default effects=#{} exports=[test-003]	0	ok profile=default effects=#{} exports=[test-003]	SAME-OK
seed.tests.corpus.004-quot-zero-trap	0	ok profile=default effects=#{} exports=[test-004]	0	ok profile=default effects=#{} exports=[test-004]	SAME-OK
seed.tests.corpus.005-quot-min-trap	0	ok profile=default effects=#{} exports=[test-005]	0	ok profile=default effects=#{} exports=[test-005]	SAME-OK
seed.tests.corpus.006-quot-normal	0	ok profile=default effects=#{} exports=[test-006]	0	ok profile=default effects=#{} exports=[test-006]	SAME-OK
seed.tests.corpus.007-quot-neg	0	ok profile=default effects=#{} exports=[test-007]	0	ok profile=default effects=#{} exports=[test-007]	SAME-OK
seed.tests.corpus.008-shift-left	0	ok profile=default effects=#{} exports=[test-008]	0	ok profile=default effects=#{} exports=[test-008]	SAME-OK
seed.tests.corpus.009-shift-right-u64	0	ok profile=default effects=#{} exports=[test-009]	0	ok profile=default effects=#{} exports=[test-009]	SAME-OK
seed.tests.corpus.010-bit-and	0	ok profile=default effects=#{} exports=[test-010]	0	ok profile=default effects=#{} exports=[test-010]	SAME-OK
seed.tests.corpus.011-bit-or	0	ok profile=default effects=#{} exports=[test-011]	0	ok profile=default effects=#{} exports=[test-011]	SAME-OK
seed.tests.corpus.012-bit-xor	0	ok profile=default effects=#{} exports=[test-012]	0	ok profile=default effects=#{} exports=[test-012]	SAME-OK
seed.tests.corpus.013-bit-not	0	ok profile=default effects=#{} exports=[test-013]	0	ok profile=default effects=#{} exports=[test-013]	SAME-OK
seed.tests.corpus.014-cmp-eq	0	ok profile=default effects=#{} exports=[test-014]	0	ok profile=default effects=#{} exports=[test-014]	SAME-OK
seed.tests.corpus.015-cmp-lt	0	ok profile=default effects=#{} exports=[test-015]	0	ok profile=default effects=#{} exports=[test-015]	SAME-OK
seed.tests.corpus.016-cmp-gt	0	ok profile=default effects=#{} exports=[test-016]	0	ok profile=default effects=#{} exports=[test-016]	SAME-OK
seed.tests.corpus.017-cmp-lte	0	ok profile=default effects=#{} exports=[test-017]	0	ok profile=default effects=#{} exports=[test-017]	SAME-OK
seed.tests.corpus.018-cmp-gte	0	ok profile=default effects=#{} exports=[test-018]	0	ok profile=default effects=#{} exports=[test-018]	SAME-OK
seed.tests.corpus.022-if-then	0	ok profile=default effects=#{} exports=[test-022]	0	ok profile=default effects=#{} exports=[test-022]	SAME-OK
seed.tests.corpus.023-if-else	0	ok profile=default effects=#{} exports=[test-023]	0	ok profile=default effects=#{} exports=[test-023]	SAME-OK
seed.tests.corpus.025-let	0	ok profile=default effects=#{} exports=[test-025]	0	ok profile=default effects=#{} exports=[test-025]	SAME-OK
seed.tests.corpus.026-let-multi	0	ok profile=default effects=#{} exports=[test-026]	0	ok profile=default effects=#{} exports=[test-026]	SAME-OK
seed.tests.corpus.027-loop-recur	0	ok profile=default effects=#{} exports=[test-027]	0	ok profile=default effects=#{} exports=[test-027]	SAME-OK
seed.tests.corpus.028-vector-lit	0	ok profile=default effects=#{} exports=[test-028]	0	ok profile=default effects=#{} exports=[test-028]	SAME-OK
seed.tests.corpus.029-vector-at-zero	0	ok profile=default effects=#{} exports=[test-029]	0	ok profile=default effects=#{} exports=[test-029]	SAME-OK
seed.tests.corpus.030-params-multi	0	ok profile=default effects=#{} exports=[test-030]	0	ok profile=default effects=#{} exports=[test-030]	SAME-OK
seed.tests.corpus.031-deep-nest-arith	0	ok profile=default effects=#{} exports=[test-031]	0	ok profile=default effects=#{} exports=[test-031]	SAME-OK
seed.tests.corpus.032-deep-nest-cmp	0	ok profile=default effects=#{} exports=[test-032]	0	ok profile=default effects=#{} exports=[test-032]	SAME-OK
seed.tests.corpus.033-let-many	0	ok profile=default effects=#{} exports=[test-033]	0	ok profile=default effects=#{} exports=[test-033]	SAME-OK
seed.tests.corpus.035-min-literal	0	ok profile=default effects=#{} exports=[test-035]	0	ok profile=default effects=#{} exports=[test-035]	SAME-OK
seed.tests.corpus.036-large-int	0	ok profile=default effects=#{} exports=[test-036]	0	ok profile=default effects=#{} exports=[test-036]	SAME-OK
seed.tests.corpus.037-vec-conj	0	ok profile=default effects=#{} exports=[test-037]	0	ok profile=default effects=#{} exports=[test-037]	SAME-OK
seed.tests.corpus.039-str-len	0	ok profile=default effects=#{} exports=[test-039]	0	ok profile=default effects=#{} exports=[test-039]	SAME-OK
seed.tests.corpus.040-str-empty	0	ok profile=default effects=#{} exports=[test-040]	0	ok profile=default effects=#{} exports=[test-040]	SAME-OK
seed.tests.corpus.041-shift-0	0	ok profile=default effects=#{} exports=[test-041]	0	ok profile=default effects=#{} exports=[test-041]	SAME-OK
seed.tests.corpus.042-shift-63	0	ok profile=default effects=#{} exports=[test-042]	0	ok profile=default effects=#{} exports=[test-042]	SAME-OK
seed.tests.corpus.043-shift-right-63	0	ok profile=default effects=#{} exports=[test-043]	0	ok profile=default effects=#{} exports=[test-043]	SAME-OK
seed.tests.corpus.044-neg-param	0	ok profile=default effects=#{} exports=[test-044]	0	ok profile=default effects=#{} exports=[test-044]	SAME-OK
seed.tests.corpus.045-expr-param	0	ok profile=default effects=#{} exports=[test-045]	0	ok profile=default effects=#{} exports=[test-045]	SAME-OK
seed.tests.corpus.046-compose	0	ok profile=default effects=#{} exports=[test-046]	0	ok profile=default effects=#{} exports=[test-046]	SAME-OK
seed.tests.corpus.047-multi-return	0	ok profile=default effects=#{} exports=[test-047]	0	ok profile=default effects=#{} exports=[test-047]	SAME-OK
seed.tests.corpus.048-self-recur	0	ok profile=default effects=#{} exports=[test-048]	0	ok profile=default effects=#{} exports=[test-048]	SAME-OK
seed.tests.corpus.049-let-levels	0	ok profile=default effects=#{} exports=[test-049]	0	ok profile=default effects=#{} exports=[test-049]	SAME-OK
seed.tests.corpus.051-loop-as-value	0	ok profile=default effects=#{} exports=[test-051]	0	ok profile=default effects=#{} exports=[test-051]	SAME-OK
seed.tests.corpus.052-arith-prec	0	ok profile=default effects=#{} exports=[test-052]	0	ok profile=default effects=#{} exports=[test-052]	SAME-OK
seed.tests.corpus.054-vec-ops	0	ok profile=default effects=#{} exports=[test-054]	0	ok profile=default effects=#{} exports=[test-054]	SAME-OK
seed.tests.corpus.055-eq-types	0	ok profile=default effects=#{} exports=[test-055]	0	ok profile=default effects=#{} exports=[test-055]	SAME-OK
seed.tests.corpus.056-complex-arith	0	ok profile=default effects=#{} exports=[test-056]	0	ok profile=default effects=#{} exports=[test-056]	SAME-OK
seed.tests.corpus.057-zero-check	0	ok profile=default effects=#{} exports=[test-057]	0	ok profile=default effects=#{} exports=[test-057]	SAME-OK
seed.tests.corpus.058-shift-chain	0	ok profile=default effects=#{} exports=[test-058]	0	ok profile=default effects=#{} exports=[test-058]	SAME-OK
seed.tests.corpus.059-loop-accum	0	ok profile=default effects=#{} exports=[test-059]	0	ok profile=default effects=#{} exports=[test-059]	SAME-OK
seed.tests.corpus.060-truthiness	65	error: subset-reject at /Users/junkawasaki/github/wt/amu-seed17/seed/tests/corpus/060-truthiness.kotoba:4:7: if test is :i64, and a number is never truthy: compare it (for example (not= x 0)) or answe	65	error: subset-reject at /Users/junkawasaki/github/wt/amu-seed17/seed/tests/corpus/060-truthiness.kotoba: if test is :i64, and a number is never truthy: compare it (for example (not= x 0)) or answer :b	SAME-REFUSE
seed.tests.corpus.062-vec-long	0	ok profile=default effects=#{} exports=[test-062]	0	ok profile=default effects=#{} exports=[test-062]	SAME-OK
seed.tests.corpus.063-bit-chain	0	ok profile=default effects=#{} exports=[test-063]	0	ok profile=default effects=#{} exports=[test-063]	SAME-OK
seed.tests.corpus.064-quot-wrap	0	ok profile=default effects=#{} exports=[test-064]	0	ok profile=default effects=#{} exports=[test-064]	SAME-OK
seed.tests.corpus.066-nested-cmp	0	ok profile=default effects=#{} exports=[test-066]	0	ok profile=default effects=#{} exports=[test-066]	SAME-OK
seed.tests.corpus.068-triple-comp	0	ok profile=default effects=#{} exports=[test-068]	0	ok profile=default effects=#{} exports=[test-068]	SAME-OK
seed.tests.corpus.069-loop-100	0	ok profile=default effects=#{} exports=[test-069]	0	ok profile=default effects=#{} exports=[test-069]	SAME-OK
seed.tests.corpus.071-vec-loop	0	ok profile=default effects=#{} exports=[test-071]	0	ok profile=default effects=#{} exports=[test-071]	SAME-OK
seed.tests.corpus.072-bool-return	0	ok profile=default effects=#{} exports=[test-072]	0	ok profile=default effects=#{} exports=[test-072]	SAME-OK
seed.tests.corpus.074-shift-var	0	ok profile=default effects=#{} exports=[test-074]	0	ok profile=default effects=#{} exports=[test-074]	SAME-OK
seed.tests.corpus.075-arith-cond	0	ok profile=default effects=#{} exports=[test-075]	0	ok profile=default effects=#{} exports=[test-075]	SAME-OK
seed.tests.corpus.076-let-cond	0	ok profile=default effects=#{} exports=[test-076]	0	ok profile=default effects=#{} exports=[test-076]	SAME-OK
seed.tests.corpus.078-bit-edge	0	ok profile=default effects=#{} exports=[test-078]	0	ok profile=default effects=#{} exports=[test-078]	SAME-OK
seed.tests.corpus.079-multi-ret	0	ok profile=default effects=#{} exports=[test-079]	0	ok profile=default effects=#{} exports=[test-079]	SAME-OK
seed.tests.corpus.080-str-long	0	ok profile=default effects=#{} exports=[test-080]	0	ok profile=default effects=#{} exports=[test-080]	SAME-OK
resources.kotoba.lang-conformance.values.composed_surface_kit	0	ok profile=default effects=#{} exports=[main eligible? score]	0	ok profile=default effects=#{} exports=[main eligible? score]	SAME-OK
resources.kotoba.lang-conformance.values.contextual_invoke	0	ok profile=default effects=#{} exports=[main __kotoba_lambda_1_arity1 __kotoba_invoke$arity1 __kotoba_invoke_string$arity1 __kotoba_string_from_i64_nat __kotoba_string_from_i64]	0	ok profile=default effects=#{} exports=[main __kotoba_lambda_1_arity1 __kotoba_invoke$arity1 __kotoba_invoke_string$arity1 __kotoba_string_from_i64_nat __kotoba_string_from_i64]	SAME-OK
resources.kotoba.lang-conformance.values.if_some_kit	0	ok profile=default effects=#{} exports=[main]	0	ok profile=default effects=#{} exports=[main]	SAME-OK
resources.kotoba.lang-conformance.values.if_some_string_kit	0	ok profile=default effects=#{} exports=[main]	0	ok profile=default effects=#{} exports=[main]	SAME-OK
resources.kotoba.lang-conformance.values.list_rest_kit	0	ok profile=default effects=#{} exports=[main]	0	ok profile=default effects=#{} exports=[main]	SAME-OK
resources.kotoba.lang-conformance.values.map_filter_vector_kit	0	ok profile=default effects=#{} exports=[main]	0	ok profile=default effects=#{} exports=[main]	SAME-OK
resources.kotoba.lang-conformance.values.multi_map_kit	0	ok profile=default effects=#{} exports=[main]	0	ok profile=default effects=#{} exports=[main]	SAME-OK
resources.kotoba.lang-conformance.values.named_hof_kit	0	ok profile=default effects=#{} exports=[main]	0	ok profile=default effects=#{} exports=[main]	SAME-OK
resources.kotoba.lang-conformance.values.nested_let_destructuring	0	ok profile=default effects=#{} exports=[unpack main]	0	ok profile=default effects=#{} exports=[unpack main]	SAME-OK
resources.kotoba.lang-conformance.values.nested_typed_destructuring	0	ok profile=default effects=#{} exports=[main ->Profile ->User]	0	ok profile=default effects=#{} exports=[main ->Profile ->User]	SAME-OK
resources.kotoba.lang-conformance.values.option_result_kit	0	ok profile=default effects=#{} exports=[main]	0	ok profile=default effects=#{} exports=[main]	SAME-OK
resources.kotoba.lang-conformance.values.option_return_kit	0	ok profile=default effects=#{} exports=[main]	0	ok profile=default effects=#{} exports=[main]	SAME-OK
resources.kotoba.lang-conformance.values.pair_list_kit	0	ok profile=default effects=#{} exports=[main]	0	ok profile=default effects=#{} exports=[main]	SAME-OK
resources.kotoba.lang-conformance.values.record_kit	0	ok profile=default effects=#{} exports=[main]	0	ok profile=default effects=#{} exports=[main]	SAME-OK
resources.kotoba.lang-conformance.values.record_protocol_static_dispatch	0	ok profile=default effects=#{} exports=[main ->LocalBox ->ExtendedBox]	0	ok profile=default effects=#{} exports=[main ->LocalBox ->ExtendedBox]	SAME-OK
resources.kotoba.lang-conformance.values.reduce_named_kit	0	ok profile=default effects=#{} exports=[main]	0	ok profile=default effects=#{} exports=[main]	SAME-OK
resources.kotoba.lang-conformance.values.reduce_vector_kit	0	ok profile=default effects=#{} exports=[main]	0	ok profile=default effects=#{} exports=[main]	SAME-OK
resources.kotoba.lang-conformance.values.string_byte_length_kit	0	ok profile=default effects=#{} exports=[main]	0	ok profile=default effects=#{} exports=[main]	SAME-OK
resources.kotoba.lang-conformance.values.string_code_point_kit	0	ok profile=default effects=#{} exports=[main]	0	ok profile=default effects=#{} exports=[main]	SAME-OK
resources.kotoba.lang-conformance.values.string_contains_kit	0	ok profile=default effects=#{} exports=[main]	0	ok profile=default effects=#{} exports=[main]	SAME-OK
resources.kotoba.lang-conformance.values.string_eq_kit	0	ok profile=default effects=#{} exports=[main]	0	ok profile=default effects=#{} exports=[main]	SAME-OK
resources.kotoba.lang-conformance.values.string_fold_case_kit	0	ok profile=default effects=#{} exports=[main]	0	ok profile=default effects=#{} exports=[main]	SAME-OK
resources.kotoba.lang-conformance.values.string_from_i64_kit	0	ok profile=default effects=#{} exports=[main __kotoba_string_from_i64_nat __kotoba_string_from_i64]	0	ok profile=default effects=#{} exports=[main __kotoba_string_from_i64_nat __kotoba_string_from_i64]	SAME-OK
resources.kotoba.lang-conformance.values.string_length_concat_kit	0	ok profile=default effects=#{} exports=[main]	0	ok profile=default effects=#{} exports=[main]	SAME-OK
resources.kotoba.lang-conformance.values.string_replace_kit	0	ok profile=default effects=#{} exports=[main]	0	ok profile=default effects=#{} exports=[main]	SAME-OK
resources.kotoba.lang-conformance.values.string_split_count_kit	0	ok profile=default effects=#{} exports=[main]	0	ok profile=default effects=#{} exports=[main]	SAME-OK
resources.kotoba.lang-conformance.values.string_substring_kit	0	ok profile=default effects=#{} exports=[main]	0	ok profile=default effects=#{} exports=[main]	SAME-OK
resources.kotoba.lang-conformance.values.type_directed_heterogeneous_nth	0	ok profile=default effects=#{} exports=[main]	0	ok profile=default effects=#{} exports=[main]	SAME-OK
resources.kotoba.lang-conformance.values.typed_defrecord_fields	0	ok profile=default effects=#{} exports=[main ->Reading]	0	ok profile=default effects=#{} exports=[main ->Reading]	SAME-OK
resources.kotoba.lang-conformance.values.typed_map_dissoc_kit	0	ok profile=default effects=#{} exports=[main]	0	ok profile=default effects=#{} exports=[main]	SAME-OK
resources.kotoba.lang-conformance.values.typed_map_kit	0	ok profile=default effects=#{} exports=[main]	0	ok profile=default effects=#{} exports=[main]	SAME-OK
resources.kotoba.lang-conformance.values.vector_i64_kit	0	ok profile=default effects=#{} exports=[main]	0	ok profile=default effects=#{} exports=[main]	SAME-OK
resources.kotoba.lang-conformance.values.vector_mut_kit	0	ok profile=default effects=#{} exports=[main]	0	ok profile=default effects=#{} exports=[main]	SAME-OK
resources.kotoba.lang-conformance.values.vector_sum_kit	0	ok profile=default effects=#{} exports=[main]	0	ok profile=default effects=#{} exports=[main]	SAME-OK
resources.kotoba.lang-conformance.values.wide_nominal_records	0	ok profile=default effects=#{} exports=[main ->Header ->Request]	0	ok profile=default effects=#{} exports=[main ->Header ->Request]	SAME-OK
resources.kotoba.lang-conformance.control.and_or_kit	0	ok profile=default effects=#{} exports=[main]	0	ok profile=default effects=#{} exports=[main]	SAME-OK
resources.kotoba.lang-conformance.control.arith_kit	0	ok profile=default effects=#{} exports=[main]	0	ok profile=default effects=#{} exports=[main]	SAME-OK
resources.kotoba.lang-conformance.control.assert	0	ok profile=default effects=#{} exports=[main]	0	ok profile=default effects=#{} exports=[main]	SAME-OK
resources.kotoba.lang-conformance.control.base64_kit	0	ok profile=default effects=#{} exports=[main]	0	ok profile=default effects=#{} exports=[main]	SAME-OK
resources.kotoba.lang-conformance.control.bitops_kit	0	ok profile=default effects=#{} exports=[main]	0	ok profile=default effects=#{} exports=[main]	SAME-OK
resources.kotoba.lang-conformance.control.case_kit	0	ok profile=default effects=#{} exports=[main]	0	ok profile=default effects=#{} exports=[main]	SAME-OK
resources.kotoba.lang-conformance.control.condp	0	ok profile=default effects=#{} exports=[main]	0	ok profile=default effects=#{} exports=[main]	SAME-OK
resources.kotoba.lang-conformance.control.dotimes	0	ok profile=default effects=#{} exports=[main __kotoba_loop_1]	0	ok profile=default effects=#{} exports=[main __kotoba_loop_1]	SAME-OK
resources.kotoba.lang-conformance.control.if_not_kit	0	ok profile=default effects=#{} exports=[main]	0	ok profile=default effects=#{} exports=[main]	SAME-OK
resources.kotoba.lang-conformance.control.inc_dec_kit	0	ok profile=default effects=#{} exports=[main]	0	ok profile=default effects=#{} exports=[main]	SAME-OK
resources.kotoba.lang-conformance.control.let_kit	0	ok profile=default effects=#{} exports=[main]	0	ok profile=default effects=#{} exports=[main]	SAME-OK
resources.kotoba.lang-conformance.control.loop_countdown_kit	0	ok profile=default effects=#{} exports=[main]	0	ok profile=default effects=#{} exports=[main]	SAME-OK
resources.kotoba.lang-conformance.control.loop_deep_kit	0	ok profile=default effects=#{} exports=[main]	0	ok profile=default effects=#{} exports=[main]	SAME-OK
resources.kotoba.lang-conformance.control.loop_sum_kit	0	ok profile=default effects=#{} exports=[main]	0	ok profile=default effects=#{} exports=[main]	SAME-OK
resources.kotoba.lang-conformance.control.match_desugar	65	error: subset-reject at /Users/junkawasaki/github/wt/amu-seed17/resources/kotoba/lang-conformance/control/match_desugar.kotoba: match map patterns admit the bounded map only; this scrutinee is a recor	65	error: subset-reject at /Users/junkawasaki/github/wt/amu-seed17/resources/kotoba/lang-conformance/control/match_desugar.kotoba: match map patterns admit the bounded map only; this scrutinee is a recor	SAME-REFUSE
resources.kotoba.lang-conformance.control.multimethod	0	ok profile=default effects=#{} exports=[kind render main]	0	ok profile=default effects=#{} exports=[kind render main]	SAME-OK
resources.kotoba.lang-conformance.control.nested_fn_kit	0	ok profile=default effects=#{} exports=[main]	0	ok profile=default effects=#{} exports=[main]	SAME-OK
resources.kotoba.lang-conformance.control.pred_kit	0	ok profile=default effects=#{} exports=[main]	0	ok profile=default effects=#{} exports=[main]	SAME-OK
resources.kotoba.lang-conformance.control.quot_bitnot_kit	0	ok profile=default effects=#{} exports=[main]	0	ok profile=default effects=#{} exports=[main]	SAME-OK
resources.kotoba.lang-conformance.control.shift_kit	0	ok profile=default effects=#{} exports=[main]	0	ok profile=default effects=#{} exports=[main]	SAME-OK
resources.kotoba.lang-conformance.control.shift_right_kit	0	ok profile=default effects=#{} exports=[main]	0	ok profile=default effects=#{} exports=[main]	SAME-OK
resources.kotoba.lang-conformance.control.simple_sugar	65	error: subset-reject at /Users/junkawasaki/github/wt/amu-seed17/resources/kotoba/lang-conformance/control/simple_sugar.kotoba: expression type mismatch: expected i64, got [:option :i64]	65	error: subset-reject at /Users/junkawasaki/github/wt/amu-seed17/resources/kotoba/lang-conformance/control/simple_sugar.kotoba: expression type mismatch: expected i64, got [:option :i64]	SAME-REFUSE
resources.kotoba.lang-conformance.control.string_join_kit	0	ok profile=default effects=#{} exports=[main]	0	ok profile=default effects=#{} exports=[main]	SAME-OK
resources.kotoba.lang-conformance.control.thread_kit	0	ok profile=default effects=#{} exports=[main]	0	ok profile=default effects=#{} exports=[main]	SAME-OK
resources.kotoba.lang-conformance.control.true_lit_kit	0	ok profile=default effects=#{} exports=[main]	0	ok profile=default effects=#{} exports=[main]	SAME-OK
resources.kotoba.lang-conformance.control.when_cond_kit	0	ok profile=default effects=#{} exports=[main]	0	ok profile=default effects=#{} exports=[main]	SAME-OK
resources.kotoba.lang-conformance.control.when_ext_kit	0	ok profile=default effects=#{} exports=[main]	0	ok profile=default effects=#{} exports=[main]	SAME-OK
resources.kotoba.lang-conformance.control.when_let_u64_kit	0	ok profile=default effects=#{} exports=[main]	0	ok profile=default effects=#{} exports=[main]	SAME-OK
resources.kotoba.lang-conformance.native.f64_add	0	ok profile=default effects=#{} exports=[main]	0	ok profile=default effects=#{} exports=[main]	SAME-OK
resources.kotoba.lang-conformance.native.f64_mixed	0	ok profile=default effects=#{} exports=[main]	0	ok profile=default effects=#{} exports=[main]	SAME-OK
resources.kotoba.lang-conformance.native.i32_probe	0	ok profile=default effects=#{} exports=[main]	0	ok profile=default effects=#{} exports=[main]	SAME-OK
resources.kotoba.lang-conformance.native.i64_add	0	ok profile=default effects=#{} exports=[main]	0	ok profile=default effects=#{} exports=[main]	SAME-OK
resources.kotoba.lang-conformance.native.i64_nested	0	ok profile=default effects=#{} exports=[main]	0	ok profile=default effects=#{} exports=[main]	SAME-OK
resources.kotoba.lang-conformance.native.option_if_some	0	ok profile=default effects=#{} exports=[main]	0	ok profile=default effects=#{} exports=[main]	SAME-OK
resources.kotoba.lang-conformance.native.step_fold_classify	0	ok profile=default effects=#{} exports=[step main]	0	ok profile=default effects=#{} exports=[step main]	SAME-OK
resources.kotoba.lang-conformance.native.string_concat_len	0	ok profile=default effects=#{} exports=[main]	0	ok profile=default effects=#{} exports=[main]	SAME-OK
resources.kotoba.lang-conformance.native.string_length	0	ok profile=default effects=#{} exports=[main]	0	ok profile=default effects=#{} exports=[main]	SAME-OK
resources.kotoba.lang-conformance.native.vector_assoc_at	0	ok profile=default effects=#{} exports=[main]	0	ok profile=default effects=#{} exports=[main]	SAME-OK
resources.kotoba.lang-conformance.native.vector_assoc_preserves_source	0	ok profile=default effects=#{} exports=[main]	0	ok profile=default effects=#{} exports=[main]	SAME-OK
resources.kotoba.lang-conformance.native.vector_at	0	ok profile=default effects=#{} exports=[main]	0	ok profile=default effects=#{} exports=[main]	SAME-OK
resources.kotoba.lang-conformance.native.vector_conj_at	0	ok profile=default effects=#{} exports=[main]	0	ok profile=default effects=#{} exports=[main]	SAME-OK
resources.kotoba.lang-conformance.native.vector_count	0	ok profile=default effects=#{} exports=[main]	0	ok profile=default effects=#{} exports=[main]	SAME-OK
resources.kotoba.lang-conformance.native.vector_drop_count	0	ok profile=default effects=#{} exports=[main]	0	ok profile=default effects=#{} exports=[main]	SAME-OK
resources.kotoba.lang-conformance.native.vector_f64_composed	0	ok profile=default effects=#{} exports=[main]	0	ok profile=default effects=#{} exports=[main]	SAME-OK
resources.kotoba.lang-conformance.native.vector_get_fallback	0	ok profile=default effects=#{} exports=[main]	0	ok profile=default effects=#{} exports=[main]	SAME-OK
seed.tests.conformance.abort.abort_through_callee	0	ok profile=default effects=#{:abort} exports=[main]	0	ok profile=default effects=#{:abort} exports=[main]	SAME-OK
seed.tests.conformance.abort.aborting_call_inside_loop	0	ok profile=default effects=#{:abort} exports=[main]	0	ok profile=default effects=#{:abort} exports=[main]	SAME-OK
seed.tests.conformance.abort.ex_info_round_trip	0	ok profile=default effects=#{:abort} exports=[main]	0	ok profile=default effects=#{:abort} exports=[main]	SAME-OK
seed.tests.conformance.abort.explicit_catch_type	0	ok profile=default effects=#{:abort} exports=[main]	0	ok profile=default effects=#{:abort} exports=[main]	SAME-OK
seed.tests.conformance.abort.operand_position	0	ok profile=default effects=#{:abort} exports=[main]	0	ok profile=default effects=#{:abort} exports=[main]	SAME-OK
seed.tests.conformance.abort.propagate_through_caller	0	ok profile=default effects=#{:abort} exports=[main]	0	ok profile=default effects=#{:abort} exports=[main]	SAME-OK
seed.tests.conformance.abort.throw_inside_loop	0	ok profile=default effects=#{:abort} exports=[main]	0	ok profile=default effects=#{:abort} exports=[main]	SAME-OK
seed.tests.conformance.abort.throw_try_one_function	0	ok profile=default effects=#{} exports=[main]	0	ok profile=default effects=#{} exports=[main]	SAME-OK
seed.tests.conformance.collections.destructuring	0	ok profile=default effects=#{} exports=[unpack main]	0	ok profile=default effects=#{} exports=[unpack main]	SAME-OK
seed.tests.conformance.collections.higher_order	0	ok profile=default effects=#{} exports=[add above-two main __kotoba_loop_1 __kotoba_loop_2 __kotoba_loop_3]	0	ok profile=default effects=#{} exports=[add above-two main __kotoba_loop_1 __kotoba_loop_2 __kotoba_loop_3]	SAME-OK
seed.tests.conformance.collections.indexed_map	0	ok profile=default effects=#{} exports=[add-index main __kotoba_loop_1 __kotoba_loop_2]	0	ok profile=default effects=#{} exports=[add-index main __kotoba_loop_1 __kotoba_loop_2]	SAME-OK
seed.tests.conformance.collections.map_literal_values	0	ok profile=default effects=#{} exports=[main]	0	ok profile=default effects=#{} exports=[main]	SAME-OK
seed.tests.conformance.collections.set	0	ok profile=default effects=#{} exports=[main]	0	ok profile=default effects=#{} exports=[main]	SAME-OK
seed.tests.conformance.collections.set_heterogeneous	65	error: subset-reject at /Users/junkawasaki/github/wt/amu-seed17/seed/tests/conformance/collections/set_heterogeneous.kotoba:6:41: set item type mismatch: this set is [:set :keyword], so every item mus	65	error: subset-reject at /Users/junkawasaki/github/wt/amu-seed17/seed/tests/conformance/collections/set_heterogeneous.kotoba: set item type mismatch: this set is [:set :keyword], so every item must be 	SAME-REFUSE
seed.tests.conformance.collections.vector	0	ok profile=default effects=#{} exports=[main]	0	ok profile=default effects=#{} exports=[main]	SAME-OK
seed.tests.conformance.control.assert	0	ok profile=default effects=#{} exports=[main]	0	ok profile=default effects=#{} exports=[main]	SAME-OK
seed.tests.conformance.control.case_threading	65	error: subset-reject at /Users/junkawasaki/github/wt/amu-seed17/seed/tests/conformance/control/case_threading.kotoba: if test is :i64, and a number is never truthy: compare it (for example (not= x 0))	65	error: subset-reject at /Users/junkawasaki/github/wt/amu-seed17/seed/tests/conformance/control/case_threading.kotoba: if test is :i64, and a number is never truthy: compare it (for example (not= x 0))	SAME-REFUSE
seed.tests.conformance.control.condp	0	ok profile=default effects=#{} exports=[main]	0	ok profile=default effects=#{} exports=[main]	SAME-OK
seed.tests.conformance.control.doseq	65	error: subset-reject at /Users/junkawasaki/github/wt/amu-seed17/seed/tests/conformance/control/doseq.kotoba: if test is :i64, and a number is never truthy: compare it (for example (not= x 0)) or answe	65	error: subset-reject at /Users/junkawasaki/github/wt/amu-seed17/seed/tests/conformance/control/doseq.kotoba: if test is :i64, and a number is never truthy: compare it (for example (not= x 0)) or answe	SAME-REFUSE
seed.tests.conformance.control.dotimes	0	ok profile=default effects=#{} exports=[main __kotoba_loop_1]	0	ok profile=default effects=#{} exports=[main __kotoba_loop_1]	SAME-OK
seed.tests.conformance.control.match_desugar	65	error: subset-reject at /Users/junkawasaki/github/wt/amu-seed17/seed/tests/conformance/control/match_desugar.kotoba: match map patterns admit the bounded map only; this scrutinee is a record	65	error: subset-reject at /Users/junkawasaki/github/wt/amu-seed17/seed/tests/conformance/control/match_desugar.kotoba: match map patterns admit the bounded map only; this scrutinee is a record	SAME-REFUSE
seed.tests.conformance.control.multimethod	0	ok profile=default effects=#{} exports=[kind render main]	0	ok profile=default effects=#{} exports=[kind render main]	SAME-OK
seed.tests.conformance.control.simple_sugar	65	error: subset-reject at /Users/junkawasaki/github/wt/amu-seed17/seed/tests/conformance/control/simple_sugar.kotoba: if test is :i64, and a number is never truthy: compare it (for example (not= x 0)) o	65	error: subset-reject at /Users/junkawasaki/github/wt/amu-seed17/seed/tests/conformance/control/simple_sugar.kotoba: if test is :i64, and a number is never truthy: compare it (for example (not= x 0)) o	SAME-REFUSE
seed.tests.conformance.control.some_sugar	65	error: subset-reject at /Users/junkawasaki/github/wt/amu-seed17/seed/tests/conformance/control/some_sugar.kotoba: expression type mismatch: expected [:option :i64], got i64	65	error: subset-reject at /Users/junkawasaki/github/wt/amu-seed17/seed/tests/conformance/control/some_sugar.kotoba: expression type mismatch: expected [:option :i64], got i64	SAME-REFUSE
seed.tests.conformance.entry_extensions.main	65	error: subset-reject at /Users/junkawasaki/github/wt/amu-seed17/seed/tests/conformance/entry_extensions/main.kotoba: main must take zero arguments	65	error: subset-reject at /Users/junkawasaki/github/wt/amu-seed17/seed/tests/conformance/entry_extensions/main.kotoba: main must take zero arguments	SAME-REFUSE
seed.tests.conformance.functions.callable_contracts	0	ok profile=default effects=#{} exports=[apply-one make-renderer main __kotoba_lambda_1_arity1 __kotoba_lambda_2_arity1 __kotoba_invoke$arity1 __kotoba_invoke_string$arity1 __kotoba_string_from_i64_nat	0	ok profile=default effects=#{} exports=[apply-one make-renderer main __kotoba_lambda_1_arity1 __kotoba_lambda_2_arity1 __kotoba_invoke$arity1 __kotoba_invoke_string$arity1 __kotoba_string_from_i64_nat	SAME-OK
seed.tests.conformance.functions.closure_bytes_result	0	ok profile=default effects=#{} exports=[main identity]	0	ok profile=default effects=#{} exports=[main identity]	SAME-OK
seed.tests.conformance.functions.closure_list_result	0	ok profile=default effects=#{} exports=[main __kotoba_lambda_1_arity1 __kotoba_invoke$arity1 __kotoba_invoke_t_b7d0a2c2025ca591a0387e91086352d57a2e4e5bd2b2275b2fa34a220b86dbc8$arity1]	0	ok profile=default effects=#{} exports=[main __kotoba_lambda_1_arity1 __kotoba_invoke$arity1 __kotoba_invoke_t_b7d0a2c2025ca591a0387e91086352d57a2e4e5bd2b2275b2fa34a220b86dbc8$arity1]	SAME-OK
seed.tests.conformance.functions.closures	0	ok profile=default effects=#{} exports=[make-adder add apply-one identity-closure wrap-closure main __kotoba_lambda_1_arity1 __kotoba_lambda_2_arity1 __kotoba_lambda_3_arity2 __kotoba_lambda_4_arity3 	0	ok profile=default effects=#{} exports=[make-adder add apply-one identity-closure wrap-closure main __kotoba_lambda_1_arity1 __kotoba_lambda_2_arity1 __kotoba_lambda_3_arity2 __kotoba_lambda_4_arity3 	SAME-OK
seed.tests.conformance.functions.contextual_invoke	0	ok profile=default effects=#{} exports=[main __kotoba_lambda_1_arity1 __kotoba_invoke$arity1 __kotoba_invoke_string$arity1 __kotoba_string_from_i64_nat __kotoba_string_from_i64]	0	ok profile=default effects=#{} exports=[main __kotoba_lambda_1_arity1 __kotoba_invoke$arity1 __kotoba_invoke_string$arity1 __kotoba_string_from_i64_nat __kotoba_string_from_i64]	SAME-OK
seed.tests.conformance.functions.lazy_sequences	65	error: unimplemented-grammar-head at /Users/junkawasaki/github/wt/amu-seed17/seed/tests/conformance/functions/lazy_sequences.kotoba: nth is named by the language grammar (lang/guest-grammar.edn) but t	65	error: unimplemented-grammar-head at /Users/junkawasaki/github/wt/amu-seed17/seed/tests/conformance/functions/lazy_sequences.kotoba: nth is named by the language grammar (lang/guest-grammar.edn) but t	SAME-REFUSE
seed.tests.conformance.functions.multi_arity	65	error: count-receiver at /Users/junkawasaki/github/wt/amu-seed17/seed/tests/conformance/functions/multi_arity.kotoba: count requires a bounded vector, a typed set or a canonical typed map; got :i64.	65	error: count-receiver at /Users/junkawasaki/github/wt/amu-seed17/seed/tests/conformance/functions/multi_arity.kotoba: count requires a bounded vector, a typed set or a canonical typed map; got :i64.	SAME-REFUSE
seed.tests.conformance.local-state.atom_through_an_if	0	ok profile=default effects=#{} exports=[main]	0	ok profile=default effects=#{} exports=[main]	SAME-OK
seed.tests.conformance.local-state.counter_in_a_let	0	ok profile=default effects=#{} exports=[main]	0	ok profile=default effects=#{} exports=[main]	SAME-OK
seed.tests.conformance.local-state.swap_with_extra_arguments	0	ok profile=default effects=#{} exports=[main]	0	ok profile=default effects=#{} exports=[main]	SAME-OK
seed.tests.conformance.performance.collections_12	0	ok profile=default effects=#{} exports=[inc1 add main __kotoba_loop_1 __kotoba_loop_2]	0	ok profile=default effects=#{} exports=[inc1 add main __kotoba_loop_1 __kotoba_loop_2]	SAME-OK
seed.tests.conformance.performance.multi_map_12	0	ok profile=default effects=#{} exports=[add main __kotoba_loop_1]	0	ok profile=default effects=#{} exports=[add main __kotoba_loop_1]	SAME-OK
seed.tests.conformance.records.basic	0	ok profile=default effects=#{} exports=[main ->LocalBox ->ExtendedBox]	0	ok profile=default effects=#{} exports=[main ->LocalBox ->ExtendedBox]	SAME-OK
seed.tests.conformance.state.branch_join	0	ok profile=default effects=#{:state} exports=[main]	0	ok profile=default effects=#{:state} exports=[main]	SAME-OK
seed.tests.conformance.state.ceiling_declares_state	0	ok profile=default effects=#{:state} exports=[main]	0	ok profile=default effects=#{:state} exports=[main]	SAME-OK
seed.tests.conformance.state.counter	0	ok profile=default effects=#{:state} exports=[main]	0	ok profile=default effects=#{:state} exports=[main]	SAME-OK
seed.tests.conformance.state.handler_logic	0	ok profile=default effects=#{:state} exports=[main]	0	ok profile=default effects=#{:state} exports=[main]	SAME-OK
seed.tests.conformance.state.inline_operations	0	ok profile=default effects=#{} exports=[main]	0	ok profile=default effects=#{} exports=[main]	SAME-OK
seed.tests.conformance.state.loop_accumulator	0	ok profile=default effects=#{:state} exports=[main]	0	ok profile=default effects=#{:state} exports=[main]	SAME-OK
seed.tests.conformance.state.nested_handlers	0	ok profile=default effects=#{:state} exports=[main]	0	ok profile=default effects=#{:state} exports=[main]	SAME-OK
seed.tests.conformance.state.two_state_types	0	ok profile=default effects=#{:state} exports=[main]	0	ok profile=default effects=#{:state} exports=[main]	SAME-OK
seed.tests.conformance.stdlib.basic	65	error: namespace-require-needs-project at /Users/junkawasaki/github/wt/amu-seed17/seed/tests/conformance/stdlib/basic.kotoba: this namespace declares (:require ...), so it is a module of a multi-file 	65	error: namespace-require-needs-project at /Users/junkawasaki/github/wt/amu-seed17/seed/tests/conformance/stdlib/basic.kotoba: this namespace declares (:require ...), so it is a module of a multi-file 	SAME-REFUSE
seed.tests.conformance.stdlib.core	65	error: subset-reject at /Users/junkawasaki/github/wt/amu-seed17/seed/tests/conformance/stdlib/core.kotoba: if test is :i64, and a number is never truthy: compare it (for example (not= x 0)) or answer 	65	error: subset-reject at /Users/junkawasaki/github/wt/amu-seed17/seed/tests/conformance/stdlib/core.kotoba: if test is :i64, and a number is never truthy: compare it (for example (not= x 0)) or answer 	SAME-REFUSE
seed.tests.conformance.stdlib.extended	65	error: namespace-require-needs-project at /Users/junkawasaki/github/wt/amu-seed17/seed/tests/conformance/stdlib/extended.kotoba: this namespace declares (:require ...), so it is a module of a multi-fi	65	error: namespace-require-needs-project at /Users/junkawasaki/github/wt/amu-seed17/seed/tests/conformance/stdlib/extended.kotoba: this namespace declares (:require ...), so it is a module of a multi-fi	SAME-REFUSE
seed.tests.conformance.stdlib.i64_set	0	ok profile=default effects=#{} exports=[set-empty set-valid? set-from-chain set-contains? set-count set-to-chain set-union set-intersection set-difference set-subset? set-equal? set-disjoint?]	0	ok profile=default effects=#{} exports=[set-empty set-valid? set-from-chain set-contains? set-count set-to-chain set-union set-intersection set-difference set-subset? set-equal? set-disjoint?]	SAME-OK
seed.tests.conformance.stdlib.i64set	65	error: namespace-require-needs-project at /Users/junkawasaki/github/wt/amu-seed17/seed/tests/conformance/stdlib/i64set.kotoba: this namespace declares (:require ...), so it is a module of a multi-file	65	error: namespace-require-needs-project at /Users/junkawasaki/github/wt/amu-seed17/seed/tests/conformance/stdlib/i64set.kotoba: this namespace declares (:require ...), so it is a module of a multi-file	SAME-REFUSE
seed.tests.conformance.stdlib.keyed	65	error: namespace-require-needs-project at /Users/junkawasaki/github/wt/amu-seed17/seed/tests/conformance/stdlib/keyed.kotoba: this namespace declares (:require ...), so it is a module of a multi-file 	65	error: namespace-require-needs-project at /Users/junkawasaki/github/wt/amu-seed17/seed/tests/conformance/stdlib/keyed.kotoba: this namespace declares (:require ...), so it is a module of a multi-file 	SAME-REFUSE
seed.tests.conformance.stdlib.ordered	65	error: namespace-require-needs-project at /Users/junkawasaki/github/wt/amu-seed17/seed/tests/conformance/stdlib/ordered.kotoba: this namespace declares (:require ...), so it is a module of a multi-fil	65	error: namespace-require-needs-project at /Users/junkawasaki/github/wt/amu-seed17/seed/tests/conformance/stdlib/ordered.kotoba: this namespace declares (:require ...), so it is a module of a multi-fil	SAME-REFUSE
seed.tests.conformance.stdlib.sorted_map	0	ok profile=default effects=#{} exports=[sm-empty sm-get sm-contains? sm-assoc sm-dissoc sm-count sm-keys sm-vals sm-reduce sm-min-key sm-max-key]	0	ok profile=default effects=#{} exports=[sm-empty sm-get sm-contains? sm-assoc sm-dissoc sm-count sm-keys sm-vals sm-reduce sm-min-key sm-max-key]	SAME-OK
seed.tests.conformance.values.string_symbol	65	error: map-literal-key at /Users/junkawasaki/github/wt/amu-seed17/seed/tests/conformance/values/string_symbol.kotoba:3:9: map literal keys must be keywords, integers or strings; this literal has a key	65	error: map-literal-key at /Users/junkawasaki/github/wt/amu-seed17/seed/tests/conformance/values/string_symbol.kotoba: map literal keys must be keywords, integers or strings; this literal has a key of 	SAME-REFUSE
examples.aiueos-probe	0	ok profile=default effects=#{} exports=[main]	0	ok profile=default effects=#{} exports=[main]	SAME-OK
examples.aiueos-uefi-console	0	ok profile=default effects=#{} exports=[aiueos-uefi-mark aiueos-uefi-mark-when aiueos-uefi-present efi-main main]	0	ok profile=default effects=#{} exports=[aiueos-uefi-mark aiueos-uefi-mark-when aiueos-uefi-present efi-main main]	SAME-OK
examples.aiueos-uefi-literals	0	ok profile=default effects=#{} exports=[aiueos-uefi-lit-mark aiueos-uefi-lit-mark-when aiueos-uefi-lit-present aiueos-uefi-lit-equal efi-main main]	0	ok profile=default effects=#{} exports=[aiueos-uefi-lit-mark aiueos-uefi-lit-mark-when aiueos-uefi-lit-present aiueos-uefi-lit-equal efi-main main]	SAME-OK
examples.aiueos-uefi-scratch	0	ok profile=default effects=#{} exports=[aiueos-uefi-scratch-mark aiueos-uefi-scratch-mark-when aiueos-uefi-scratch-present aiueos-uefi-scratch-equal aiueos-uefi-scratch-at-least aiueos-uefi-scratch-bo	0	ok profile=default effects=#{} exports=[aiueos-uefi-scratch-mark aiueos-uefi-scratch-mark-when aiueos-uefi-scratch-present aiueos-uefi-scratch-equal aiueos-uefi-scratch-at-least aiueos-uefi-scratch-bo	SAME-OK
examples.approval-queue-app	0	ok profile=default effects=#{} exports=[init step view]	0	ok profile=default effects=#{} exports=[init step view]	SAME-OK
examples.arena-scope	0	ok profile=default effects=#{} exports=[step scoped-from unscoped-from scoped unscoped main]	0	ok profile=default effects=#{} exports=[step scoped-from unscoped-from scoped unscoped main]	SAME-OK
examples.bytes-slots	0	ok profile=default effects=#{} exports=[main overlong surrogate not-a-byte too-large]	0	ok profile=default effects=#{} exports=[main overlong surrogate not-a-byte too-large]	SAME-OK
examples.capability-named	65	error: capability-missing-grant at /Users/junkawasaki/github/wt/amu-seed17/examples/capability-named.kotoba: capability policy denies required effects; missing grants #{[:cap/call :identity/sign]} (re	65	error: capability-missing-grant at /Users/junkawasaki/github/wt/amu-seed17/examples/capability-named.kotoba: capability policy denies required effects; missing grants #{[:cap/call :identity/sign]} (re	SAME-REFUSE
examples.capability	65	error: capability-missing-grant at /Users/junkawasaki/github/wt/amu-seed17/examples/capability.kotoba: capability policy denies required effects; missing grants #{[:cap/call :clock/now]} (required #{[	65	error: capability-missing-grant at /Users/junkawasaki/github/wt/amu-seed17/examples/capability.kotoba: capability policy denies required effects; missing grants #{[:cap/call :clock/now]} (required #{[	SAME-REFUSE
examples.closure-node	0	ok profile=default effects=#{} exports=[main]	0	ok profile=default effects=#{} exports=[main]	SAME-OK
examples.cloud-itonami-health-route	0	ok profile=default effects=#{} exports=[health]	0	ok profile=default effects=#{} exports=[health]	SAME-OK
examples.cloud-itonami-oauth-resource-route	0	ok profile=default effects=#{} exports=[oauth-protected-resource]	0	ok profile=default effects=#{} exports=[oauth-protected-resource]	SAME-OK
examples.evm-answer	0	ok profile=default effects=#{} exports=[main]	0	ok profile=default effects=#{} exports=[main]	SAME-OK
examples.f32-dot-product	0	ok profile=default effects=#{} exports=[scaled fma dot2 norm3 widened main]	0	ok profile=default effects=#{} exports=[scaled fma dot2 norm3 widened main]	SAME-OK
examples.fuel	0	ok profile=default effects=#{} exports=[fact forever main]	0	ok profile=default effects=#{} exports=[fact forever main]	SAME-OK
examples.heap	0	ok profile=default effects=#{} exports=[forged main]	0	ok profile=default effects=#{} exports=[forged main]	SAME-OK
examples.held-operations	0	ok profile=default effects=#{} exports=[held-score]	0	ok profile=default effects=#{} exports=[held-score]	SAME-OK
examples.http-service-demo	0	ok profile=default effects=#{} exports=[health echo]	0	ok profile=default effects=#{} exports=[health echo]	SAME-OK
examples.i64-beyond-double	0	ok profile=default effects=#{} exports=[main]	0	ok profile=default effects=#{} exports=[main]	SAME-OK
examples.i64-semantics	0	ok profile=default effects=#{} exports=[add subtract multiply negate choose divide main]	0	ok profile=default effects=#{} exports=[add subtract multiply negate choose divide main]	SAME-OK
examples.i64-shift	0	ok profile=default effects=#{} exports=[mixed main]	0	ok profile=default effects=#{} exports=[mixed main]	SAME-OK
examples.inline-handles	0	ok profile=default effects=#{} exports=[main sum-at oob byte-length-of]	0	ok profile=default effects=#{} exports=[main sum-at oob byte-length-of]	SAME-OK
examples.line-slots	0	ok profile=default effects=#{} exports=[main]	0	ok profile=default effects=#{} exports=[main]	SAME-OK
examples.list	0	ok profile=default effects=#{} exports=[sum-two main]	0	ok profile=default effects=#{} exports=[sum-two main]	SAME-OK
examples.many-constants	0	ok profile=default effects=#{} exports=[many-constants main]	0	ok profile=default effects=#{} exports=[many-constants main]	SAME-OK
examples.nested-record	0	ok profile=default effects=#{} exports=[nested-score]	0	ok profile=default effects=#{} exports=[nested-score]	SAME-OK
examples.oracle-fuel-budget	0	ok profile=default effects=#{} exports=[main]	0	ok profile=default effects=#{} exports=[main]	SAME-OK
examples.range-slots	0	ok profile=default effects=#{} exports=[main bad-byte]	0	ok profile=default effects=#{} exports=[main bad-byte]	SAME-OK
examples.recursive-generic	0	ok profile=default effects=#{} exports=[main]	0	ok profile=default effects=#{} exports=[main]	SAME-OK
examples.recursive-list	0	ok profile=default effects=#{} exports=[main]	0	ok profile=default effects=#{} exports=[main]	SAME-OK
examples.recursive-tree	0	ok profile=default effects=#{} exports=[main sample-sum replaced-sum same diff]	0	ok profile=default effects=#{} exports=[main sample-sum replaced-sum same diff]	SAME-OK
examples.string-index-of	0	ok profile=default effects=#{} exports=[main]	0	ok profile=default effects=#{} exports=[main]	SAME-OK
examples.structured	0	ok profile=default effects=#{} exports=[abs score calc relations main]	0	ok profile=default effects=#{} exports=[abs score calc relations main]	SAME-OK
examples.tail-append	0	ok profile=default effects=#{} exports=[build appended main]	0	ok profile=default effects=#{} exports=[build appended main]	SAME-OK
examples.text-slots	0	ok profile=default effects=#{} exports=[main]	0	ok profile=default effects=#{} exports=[main]	SAME-OK
examples.todo-app	0	ok profile=default effects=#{} exports=[init view step]	0	ok profile=default effects=#{} exports=[init view step]	SAME-OK
examples.vector-alloc-limit	0	ok profile=default effects=#{} exports=[alloc-count main]	0	ok profile=default effects=#{} exports=[alloc-count main]	SAME-OK
examples.w1-denial-ceiling	70	error: effect-ceiling at /Users/junkawasaki/github/wt/amu-seed17/examples/w1-denial-ceiling.kotoba: inferred effects exceed declared effect ceiling for guarded: #{:log/append}	70	error: effect-ceiling at /Users/junkawasaki/github/wt/amu-seed17/examples/w1-denial-ceiling.kotoba: inferred effects exceed declared effect ceiling for guarded: #{:log/append}	SAME-REFUSE
examples.w1-effect-named	65	error: capability-missing-grant at /Users/junkawasaki/github/wt/amu-seed17/examples/w1-effect-named.kotoba: capability policy denies required effects; missing grants #{[:cap/call :clock/now]} (require	65	error: capability-missing-grant at /Users/junkawasaki/github/wt/amu-seed17/examples/w1-effect-named.kotoba: capability policy denies required effects; missing grants #{[:cap/call :clock/now]} (require	SAME-REFUSE
examples.w1-pure	0	ok profile=default effects=#{} exports=[double main]	0	ok profile=default effects=#{} exports=[double main]	SAME-OK
examples.w5-linear-let-move	65	error: capability-missing-grant at /Users/junkawasaki/github/wt/amu-seed17/examples/w5-linear-let-move.kotoba: capability policy denies required effects; missing grants #{[:cap/call :http/get-stream]}	65	error: capability-missing-grant at /Users/junkawasaki/github/wt/amu-seed17/examples/w5-linear-let-move.kotoba: capability policy denies required effects; missing grants #{[:cap/call :http/get-stream]}	SAME-REFUSE
examples.w5-object-put-get-product	65	error: capability-missing-grant at /Users/junkawasaki/github/wt/amu-seed17/examples/w5-object-put-get-product.kotoba: capability policy denies required effects; missing grants #{[:cap/call :object/get	65	error: capability-missing-grant at /Users/junkawasaki/github/wt/amu-seed17/examples/w5-object-put-get-product.kotoba: capability policy denies required effects; missing grants #{[:cap/call :object/put	SAME-REFUSE
test.dual-backend.01-i64-arith	0	ok profile=default effects=#{} exports=[add-small add-negative sub sub-underflow mul mul-negative negate quot-exact quot-truncating quot-negative big-add main]	0	ok profile=default effects=#{} exports=[add-small add-negative sub sub-underflow mul mul-negative negate quot-exact quot-truncating quot-negative big-add main]	SAME-OK
test.dual-backend.02-compare	0	ok profile=default effects=#{} exports=[eq-true eq-false eq-negative eq-zero-boundary lt-true lt-false lt-equal-boundary le-boundary gt-true gt-equal-boundary ge-boundary lt-negative main]	0	ok profile=default effects=#{} exports=[eq-true eq-false eq-negative eq-zero-boundary lt-true lt-false lt-equal-boundary le-boundary gt-true gt-equal-boundary ge-boundary lt-negative main]	SAME-OK
test.dual-backend.03-keyword-eq	0	ok profile=default effects=#{} exports=[kw-same kw-diff kw-prefix kw-branch-same kw-branch-diff main]	0	ok profile=default effects=#{} exports=[kw-same kw-diff kw-prefix kw-branch-same kw-branch-diff main]	SAME-OK
test.dual-backend.04-bool-logic	0	ok profile=default effects=#{} exports=[and-tt and-tf or-ft or-ff not-t not-f main]	0	ok profile=default effects=#{} exports=[and-tt and-tf or-ft or-ff not-t not-f main]	SAME-OK
test.dual-backend.05-recursion	0	ok profile=default effects=#{} exports=[fact fib fact-5 fact-0 fib-10 main]	0	ok profile=default effects=#{} exports=[fact fib fact-5 fact-0 fib-10 main]	SAME-OK
test.dual-backend.06-let-loop	0	ok profile=default effects=#{} exports=[let-simple let-shadow loop-sum __kotoba_loop_1 loop-zero-trip __kotoba_loop_2 main]	0	ok profile=default effects=#{} exports=[let-simple let-shadow loop-sum __kotoba_loop_1 loop-zero-trip __kotoba_loop_2 main]	SAME-OK
test.dual-backend.07-bitops	0	ok profile=default effects=#{} exports=[shl shr shr-negative shl-zero main]	0	ok profile=default effects=#{} exports=[shl shr shr-negative shl-zero main]	SAME-OK
test.dual-backend.08-vector	0	ok profile=default effects=#{} exports=[v-count v-nth-0 v-nth-2 v-empty-count main]	0	ok profile=default effects=#{} exports=[v-count v-nth-0 v-nth-2 v-empty-count main]	SAME-OK
test.dual-backend.09-map	0	ok profile=default effects=#{} exports=[m-get m-get-missing m-get-second main]	0	ok profile=default effects=#{} exports=[m-get m-get-missing m-get-second main]	SAME-OK
test.dual-backend.10-f64	0	ok profile=default effects=#{} exports=[f-add f-mul f-lt f-eq-self main]	0	ok profile=default effects=#{} exports=[f-add f-mul f-lt f-eq-self main]	SAME-OK
test.dual-backend.11-minmax	0	ok profile=default effects=#{} exports=[min-a min-b min-equal max-a max-b min-negative main]	0	ok profile=default effects=#{} exports=[min-a min-b min-equal max-a max-b min-negative main]	SAME-OK
test.nbb.fixtures.abort-callee	0	ok profile=default effects=#{:abort} exports=[main]	0	ok profile=default effects=#{:abort} exports=[main]	SAME-OK
test.nbb.fixtures.callable-values	0	ok profile=default effects=#{} exports=[add sum$arity$0 sum$arity$2 main __kotoba_loop_1 __kotoba_loop_2 __kotoba_loop_3 __kotoba_loop_4 __kotoba_loop_5 __kotoba_lambda_1_arity1 __kotoba_lambda_2_arit	0	ok profile=default effects=#{} exports=[add sum$arity$0 sum$arity$2 main __kotoba_loop_1 __kotoba_loop_2 __kotoba_loop_3 __kotoba_loop_4 __kotoba_loop_5 __kotoba_lambda_1_arity1 __kotoba_lambda_2_arit	SAME-OK
test.nbb.fixtures.canonical-bytes-closure-result	0	ok profile=default effects=#{} exports=[main identity]	0	ok profile=default effects=#{} exports=[main identity]	SAME-OK
test.nbb.fixtures.canonical-list-closure-result	0	ok profile=default effects=#{} exports=[main __kotoba_lambda_1_arity1 __kotoba_invoke$arity1 __kotoba_invoke_t_b7d0a2c2025ca591a0387e91086352d57a2e4e5bd2b2275b2fa34a220b86dbc8$arity1]	0	ok profile=default effects=#{} exports=[main __kotoba_lambda_1_arity1 __kotoba_invoke$arity1 __kotoba_invoke_t_b7d0a2c2025ca591a0387e91086352d57a2e4e5bd2b2275b2fa34a220b86dbc8$arity1]	SAME-OK
test.nbb.fixtures.closure-refinements	0	ok profile=default effects=#{} exports=[make apply-one identity main __kotoba_lambda_1_arity1 __kotoba_invoke$arity1]	0	ok profile=default effects=#{} exports=[make apply-one identity main __kotoba_lambda_1_arity1 __kotoba_invoke$arity1]	SAME-OK
test.nbb.fixtures.computed-record-map	0	ok profile=default effects=#{} exports=[main]	0	ok profile=default effects=#{} exports=[main]	SAME-OK
test.nbb.fixtures.constant-alias	0	ok profile=default effects=#{} exports=[main]	0	ok profile=default effects=#{} exports=[main]	SAME-OK
test.nbb.fixtures.decimal-f64	0	ok profile=default effects=#{} exports=[main parse]	0	ok profile=default effects=#{} exports=[main parse]	SAME-OK
test.nbb.fixtures.decimal-f64x3	0	ok profile=default effects=#{} exports=[main parse]	0	ok profile=default effects=#{} exports=[main parse]	SAME-OK
test.nbb.fixtures.env-read	65	error: capability-missing-grant at /Users/junkawasaki/github/wt/amu-seed17/test/nbb/fixtures/env-read.kotoba: capability policy denies required effects; missing grants #{[:cap/call :env/read]} (requir	65	error: capability-missing-grant at /Users/junkawasaki/github/wt/amu-seed17/test/nbb/fixtures/env-read.kotoba: capability policy denies required effects; missing grants #{[:cap/call :env/read]} (requir	SAME-REFUSE
test.nbb.fixtures.f32-bits	0	ok profile=default effects=#{} exports=[main bits from-bits rounded widen add to-f32 to-i64 sqrt minimum maximum sin cos wide-sin wide-cos exp log atan2 wide-exp wide-log]	0	ok profile=default effects=#{} exports=[main bits from-bits rounded widen add to-f32 to-i64 sqrt minimum maximum sin cos wide-sin wide-cos exp log atan2 wide-exp wide-log]	SAME-OK
test.nbb.fixtures.f64-bits	0	ok profile=default effects=#{} exports=[bits negative-zero one add nan-bits payload-bits to-f64 to-i64]	0	ok profile=default effects=#{} exports=[bits negative-zero one add nan-bits payload-bits to-f64 to-i64]	SAME-OK
test.nbb.fixtures.fs-app-data-read	65	error: capability-missing-grant at /Users/junkawasaki/github/wt/amu-seed17/test/nbb/fixtures/fs-app-data-read.kotoba: capability policy denies required effects; missing grants #{[:cap/call :fs/app-dat	65	error: capability-missing-grant at /Users/junkawasaki/github/wt/amu-seed17/test/nbb/fixtures/fs-app-data-read.kotoba: capability policy denies required effects; missing grants #{[:cap/call :fs/app-dat	SAME-REFUSE
test.nbb.fixtures.general-document-map	0	ok profile=default effects=#{} exports=[main value]	0	ok profile=default effects=#{} exports=[main value]	SAME-OK
test.nbb.fixtures.hetero-vector-position	0	ok profile=default effects=#{} exports=[main tail head swapped-tail]	0	ok profile=default effects=#{} exports=[main tail head swapped-tail]	SAME-OK
test.nbb.fixtures.i32-profile	0	ok profile=default effects=#{} exports=[main hash-step]	0	ok profile=default effects=#{} exports=[main hash-step]	SAME-OK
test.nbb.fixtures.i64-add-wraparound	0	ok profile=default effects=#{} exports=[f main]	0	ok profile=default effects=#{} exports=[f main]	SAME-OK
test.nbb.fixtures.i64-max-literal	0	ok profile=default effects=#{} exports=[main]	0	ok profile=default effects=#{} exports=[main]	SAME-OK
test.nbb.fixtures.i64-min-literal	0	ok profile=default effects=#{} exports=[main]	0	ok profile=default effects=#{} exports=[main]	SAME-OK
test.nbb.fixtures.keyword-set-constant	0	ok profile=default effects=#{} exports=[main]	0	ok profile=default effects=#{} exports=[main]	SAME-OK
test.nbb.fixtures.lazy-sequence	0	ok profile=default effects=#{} exports=[naturals main __kotoba_loop_1 __kotoba_lazy_filter_3 __kotoba_lazy_map_11 __kotoba_lambda_1_arity0 __kotoba_lambda_2_arity0 __kotoba_lambda_3_arity0 __kotoba_la	0	ok profile=default effects=#{} exports=[naturals main __kotoba_loop_1 __kotoba_lazy_filter_3 __kotoba_lazy_map_11 __kotoba_lambda_1_arity0 __kotoba_lambda_2_arity0 __kotoba_lambda_3_arity0 __kotoba_la	SAME-OK
test.nbb.fixtures.local-uleb128-130	0	ok profile=default effects=#{} exports=[main]	0	ok profile=default effects=#{} exports=[main]	SAME-OK
test.nbb.fixtures.multi-arity	0	ok profile=default effects=#{} exports=[offset$arity$1 offset$arity$2]	0	ok profile=default effects=#{} exports=[offset$arity$1 offset$arity$2]	SAME-OK
test.nbb.fixtures.negative-one-literal	0	ok profile=default effects=#{} exports=[main]	0	ok profile=default effects=#{} exports=[main]	SAME-OK
test.nbb.fixtures.numeric-closure-results	0	ok profile=default effects=#{} exports=[main __kotoba_lambda_1_arity1 __kotoba_lambda_2_arity1 __kotoba_lambda_3_arity1 __kotoba_invoke_f32$arity1 __kotoba_invoke_f64$arity1 __kotoba_invoke$arity1 __k	0	ok profile=default effects=#{} exports=[main __kotoba_lambda_1_arity1 __kotoba_lambda_2_arity1 __kotoba_lambda_3_arity1 __kotoba_invoke_f32$arity1 __kotoba_invoke_f64$arity1 __kotoba_invoke$arity1 __k	SAME-OK
test.nbb.fixtures.option-or-branch	0	ok profile=default effects=#{} exports=[main]	0	ok profile=default effects=#{} exports=[main]	SAME-OK
test.nbb.fixtures.option-or	0	ok profile=default effects=#{} exports=[main name]	0	ok profile=default effects=#{} exports=[main name]	SAME-OK
test.nbb.fixtures.pure-product-capability	65	error: capability-missing-grant at /Users/junkawasaki/github/wt/amu-seed17/test/nbb/fixtures/pure-product-capability.kotoba: capability policy denies required effects; missing grants #{[:cap/call :clo	65	error: capability-missing-grant at /Users/junkawasaki/github/wt/amu-seed17/test/nbb/fixtures/pure-product-capability.kotoba: capability policy denies required effects; missing grants #{[:cap/call :clo	SAME-REFUSE
test.nbb.fixtures.sleb-boundary-127	0	ok profile=default effects=#{} exports=[main]	0	ok profile=default effects=#{} exports=[main]	SAME-OK
test.nbb.fixtures.sleb-boundary-128	0	ok profile=default effects=#{} exports=[main]	0	ok profile=default effects=#{} exports=[main]	SAME-OK
test.nbb.fixtures.sleb-boundary-neg128	0	ok profile=default effects=#{} exports=[main]	0	ok profile=default effects=#{} exports=[main]	SAME-OK
test.nbb.fixtures.static-extend-protocol	0	ok profile=default effects=#{} exports=[main]	0	ok profile=default effects=#{} exports=[main]	SAME-OK
test.nbb.fixtures.typed-closure-parameters	0	ok profile=default effects=#{} exports=[count-with apply-doc main __kotoba_lambda_1_arity1 __kotoba_lambda_2_arity1 __kotoba_invoke_p_5c62601daf1d2c1715e94671f2dc93112cc307d27713d24ccf63152f2655d4c2_d	0	ok profile=default effects=#{} exports=[count-with apply-doc main __kotoba_lambda_1_arity1 __kotoba_lambda_2_arity1 __kotoba_invoke_p_5c62601daf1d2c1715e94671f2dc93112cc307d27713d24ccf63152f2655d4c2_d	SAME-OK
test.nbb.fixtures.vector-f64	0	ok profile=default effects=#{} exports=[main make at update]	0	ok profile=default effects=#{} exports=[main make at update]	SAME-OK
test.nbb.fixtures.vector-linear	0	ok profile=default effects=#{} exports=[main sum-to]	0	ok profile=default effects=#{} exports=[main sum-to]	SAME-OK
test.nbb.fixtures.xml-query	0	ok profile=default effects=#{} exports=[main count-links count-elements element-text link-text link-name]	0	ok profile=default effects=#{} exports=[main count-links count-elements element-text link-text link-name]	SAME-OK
test.nbb.fixtures.state.branch_join	0	ok profile=default effects=#{:state} exports=[main]	0	ok profile=default effects=#{:state} exports=[main]	SAME-OK
test.nbb.fixtures.state.ceiling_declares_state	0	ok profile=default effects=#{:state} exports=[main]	0	ok profile=default effects=#{:state} exports=[main]	SAME-OK
test.nbb.fixtures.state.counter	0	ok profile=default effects=#{:state} exports=[main]	0	ok profile=default effects=#{:state} exports=[main]	SAME-OK
test.nbb.fixtures.state.handler_logic	0	ok profile=default effects=#{:state} exports=[main]	0	ok profile=default effects=#{:state} exports=[main]	SAME-OK
test.nbb.fixtures.state.inline_operations	0	ok profile=default effects=#{} exports=[main]	0	ok profile=default effects=#{} exports=[main]	SAME-OK
test.nbb.fixtures.state.loop_accumulator	0	ok profile=default effects=#{:state} exports=[main]	0	ok profile=default effects=#{:state} exports=[main]	SAME-OK
test.nbb.fixtures.state.nested_handlers	0	ok profile=default effects=#{:state} exports=[main]	0	ok profile=default effects=#{:state} exports=[main]	SAME-OK
test.nbb.fixtures.state.two_state_types	0	ok profile=default effects=#{:state} exports=[main]	0	ok profile=default effects=#{:state} exports=[main]	SAME-OK
bench.runtime-comparison.kernel	0	ok profile=default effects=#{} exports=[kernel bench __kotoba_loop_1 main]	0	ok profile=default effects=#{} exports=[kernel bench __kotoba_loop_1 main]	SAME-OK
bench.runtime-comparison.kernel_batch	0	ok profile=default effects=#{} exports=[kernel]	0	ok profile=default effects=#{} exports=[kernel]	SAME-OK
bench.runtime-comparison.kernel_call	0	ok profile=default effects=#{} exports=[kernel]	0	ok profile=default effects=#{} exports=[kernel]	SAME-OK
bench.runtime-comparison.kernel_call_branch	0	ok profile=default effects=#{} exports=[kernel]	0	ok profile=default effects=#{} exports=[kernel]	SAME-OK
bench.runtime-comparison.kernel_call_deep	0	ok profile=default effects=#{} exports=[kernel]	0	ok profile=default effects=#{} exports=[kernel]	SAME-OK
bench.runtime-comparison.kernel_call_deep_branch	0	ok profile=default effects=#{} exports=[kernel]	0	ok profile=default effects=#{} exports=[kernel]	SAME-OK
bench.runtime-comparison.kernel_cfg_call	0	ok profile=default effects=#{} exports=[kernel]	0	ok profile=default effects=#{} exports=[kernel]	SAME-OK
bench.runtime-comparison.kernel_collections	0	ok profile=default effects=#{} exports=[kernel]	0	ok profile=default effects=#{} exports=[kernel]	SAME-OK
bench.runtime-comparison.kernel_deep	0	ok profile=default effects=#{} exports=[kernel]	0	ok profile=default effects=#{} exports=[kernel]	SAME-OK
bench.runtime-comparison.kernel_deep_accum	0	ok profile=default effects=#{} exports=[kernel]	0	ok profile=default effects=#{} exports=[kernel]	SAME-OK
bench.runtime-comparison.kernel_deep_incremental	0	ok profile=default effects=#{} exports=[kernel]	0	ok profile=default effects=#{} exports=[kernel]	SAME-OK
bench.runtime-comparison.kernel_deep_movonly	0	ok profile=default effects=#{} exports=[kernel]	0	ok profile=default effects=#{} exports=[kernel]	SAME-OK
bench.runtime-comparison.kernel_deep_narrowconst	0	ok profile=default effects=#{} exports=[kernel]	0	ok profile=default effects=#{} exports=[kernel]	SAME-OK
bench.runtime-comparison.kernel_loop_call	0	ok profile=default effects=#{} exports=[kernel main]	0	ok profile=default effects=#{} exports=[kernel main]	SAME-OK
bench.runtime-comparison.kernel_state	0	ok profile=default effects=#{} exports=[kernel]	0	ok profile=default effects=#{} exports=[kernel]	SAME-OK
bench.runtime-comparison.kernel_strings	0	ok profile=default effects=#{} exports=[kernel]	0	ok profile=default effects=#{} exports=[kernel]	SAME-OK
bench.runtime-comparison.kernel_wide	0	ok profile=default effects=#{} exports=[kernel]	0	ok profile=default effects=#{} exports=[kernel]	SAME-OK
