embench.ports.aha-mont64	ok	0	BEHAVIOUR-SAME	6	6	0	0	0	0		ok
embench.ports.crc32	ok	0	BEHAVIOUR-SAME	6	6	0	0	0	0		ok
embench.ports.depthconv	ok	0	BEHAVIOUR-SAME	6	6	0	0	0	0		ok
embench.ports.edn	ok	0	BEHAVIOUR-SAME	6	6	0	0	0	0		ok
embench.ports.huffbench	ok	0	BEHAVIOUR-SAME	6	6	0	0	0	0		ok
embench.ports.matmult-int	ok	0	BEHAVIOUR-SAME	6	6	0	0	0	0		ok
embench.ports.md5sum	ok	0	BEHAVIOUR-SAME	6	6	0	0	0	0		ok
embench.ports.nettle-aes	ok	0	BEHAVIOUR-SAME	6	6	0	0	0	0		ok
embench.ports.nettle-sha256	ok	0	BEHAVIOUR-SAME	6	6	0	0	0	0		ok
embench.ports.nsichneu	ok	0	BEHAVIOUR-SAME	6	6	0	0	0	0		ok
embench.ports.picojpeg	ok	0	BEHAVIOUR-SAME	6	6	0	0	0	0		ok
embench.ports.qrduino	ok	0	BEHAVIOUR-SAME	6	6	0	0	0	0		ok
embench.ports.sglib-combined	ok	0	BEHAVIOUR-SAME	6	6	0	0	0	0		ok
embench.ports.slre	ok	0	BEHAVIOUR-SAME	6	6	0	0	0	0		ok
embench.ports.statemate	ok	0	BEHAVIOUR-SAME	6	6	0	0	0	0		ok
embench.ports.tarfind	ok	0	BEHAVIOUR-SAME	6	6	0	0	0	0		ok
embench.ports.ud	ok	0	BEHAVIOUR-SAME	6	6	0	0	0	0		ok
embench.ports.wikisort	ok	0	BEHAVIOUR-SAME	6	6	0	0	0	0		ok
embench.ports.xgboost	ok	0	BEHAVIOUR-SAME	6	6	0	0	0	0		ok
seed.tests.r1.feat.01-do-value	ok	0	BEHAVIOUR-SAME	1	1	0	0	0	0		ok
seed.tests.r1.feat.02-do-nested	ok	0	BEHAVIOUR-SAME	1	1	0	0	0	0		ok
seed.tests.r1.feat.03-do-calls	ok	0	BEHAVIOUR-SAME	1	1	0	0	0	0		ok
seed.tests.r1.feat.04-do-trap-order	ok	0	BEHAVIOUR-SAME	1	1	0	0	0	0		ok
seed.tests.r1.feat.05-when-true	ok	0	BEHAVIOUR-SAME	1	1	0	0	0	0		ok
seed.tests.r1.feat.06-when-false	ok	0	BEHAVIOUR-SAME	1	1	0	0	0	0		ok
seed.tests.r1.feat.07-when-multi	ok	0	BEHAVIOUR-SAME	1	1	0	0	0	0		ok
seed.tests.r1.feat.08-when-skip-trap	ok	0	BEHAVIOUR-SAME	1	1	0	0	0	0		ok
seed.tests.r1.feat.09-cond-first	ok	0	BEHAVIOUR-SAME	1	1	0	0	0	0		ok
seed.tests.r1.feat.10-cond-middle	ok	0	BEHAVIOUR-SAME	1	1	0	0	0	0		ok
seed.tests.r1.feat.11-cond-else	ok	0	BEHAVIOUR-SAME	1	1	0	0	0	0		ok
seed.tests.r1.feat.12-cond-nested	ok	0	BEHAVIOUR-SAME	1	1	0	0	0	0		ok
seed.tests.r1.feat.13-cond-ten	ok	0	BEHAVIOUR-SAME	1	1	0	0	0	0		ok
seed.tests.r1.feat.14-cond-loop	ok	0	BEHAVIOUR-SAME	1	1	0	0	0	0		ok
seed.tests.r1.feat.15-case-i64-hit	ok	0	BEHAVIOUR-SAME	1	1	0	0	0	0		ok
seed.tests.r1.feat.16-case-i64-default	ok	0	BEHAVIOUR-SAME	1	1	0	0	0	0		ok
seed.tests.r1.feat.17-case-negative	ok	0	BEHAVIOUR-SAME	1	1	0	0	0	0		ok
seed.tests.r1.feat.18-case-kw-hit	ok	0	BEHAVIOUR-SAME	1	1	0	0	0	0		ok
seed.tests.r1.feat.19-case-kw-default	ok	0	BEHAVIOUR-SAME	1	1	0	0	0	0		ok
seed.tests.r1.feat.20-case-grouped	ok	0	BEHAVIOUR-SAME	1	1	0	0	0	0		ok
seed.tests.r1.feat.21-case-loop	ok	0	BEHAVIOUR-SAME	1	1	0	0	0	0		ok
seed.tests.r1.feat.22-case-expr	ok	0	BEHAVIOUR-SAME	1	1	0	0	0	0		ok
seed.tests.r1.feat.23-case-min	ok	0	BEHAVIOUR-SAME	1	1	0	0	0	0		ok
seed.tests.r1.feat.24-thread-first	ok	0	BEHAVIOUR-SAME	1	1	0	0	0	0		ok
seed.tests.r1.feat.25-thread-last	ok	0	BEHAVIOUR-SAME	1	1	0	0	0	0		ok
seed.tests.r1.feat.26-thread-in-arith	ok	0	BEHAVIOUR-SAME	1	1	0	0	0	0		ok
seed.tests.r1.feat.27-thread-bare	ok	0	BEHAVIOUR-SAME	1	1	0	0	0	0		ok
seed.tests.r1.feat.28-thread-nested	ok	0	BEHAVIOUR-SAME	1	1	0	0	0	0		ok
seed.tests.r1.feat.29-dotimes-value	ok	0	BEHAVIOUR-SAME	1	1	0	0	0	0		ok
seed.tests.r1.feat.30-dotimes-zero	ok	0	BEHAVIOUR-SAME	1	1	0	0	0	0		ok
seed.tests.r1.feat.31-dotimes-trap-last	ok	0	BEHAVIOUR-SAME	1	1	0	0	0	0		ok
seed.tests.r1.feat.32-dotimes-calls	ok	0	BEHAVIOUR-SAME	1	1	0	0	0	0		ok
seed.tests.r1.feat.33-dotimes-nested	ok	0	BEHAVIOUR-SAME	1	1	0	0	0	0		ok
seed.tests.r1.feat.34-kw-eq	ok	0	BEHAVIOUR-SAME	1	1	0	0	0	0		ok
seed.tests.r1.feat.35-kw-ne	ok	0	BEHAVIOUR-SAME	1	1	0	0	0	0		ok
seed.tests.r1.feat.36-rec-basic	ok	0	BEHAVIOUR-SAME	1	1	0	0	0	0		ok
seed.tests.r1.feat.37-rec-bool	ok	0	BEHAVIOUR-SAME	1	1	0	0	0	0		ok
seed.tests.r1.feat.38-rec-string	ok	0	BEHAVIOUR-SAME	1	1	0	0	0	0		ok
seed.tests.r1.feat.39-rec-param	ok	0	BEHAVIOUR-SAME	1	1	0	0	0	0		ok
seed.tests.r1.feat.40-rec-two-types	ok	0	BEHAVIOUR-SAME	1	1	0	0	0	0		ok
seed.tests.r1.feat.41-rec-loop	ok	0	BEHAVIOUR-SAME	1	1	0	0	0	0		ok
seed.tests.r1.feat.42-rec-assoc	ok	0	BEHAVIOUR-SAME	1	1	0	0	0	0		ok
seed.tests.r1.feat.43-rec-map-ctor	ok	0	BEHAVIOUR-SAME	1	1	0	0	0	0		ok
seed.tests.r1.feat.44-rec-six-fields	ok	0	BEHAVIOUR-SAME	1	1	0	0	0	0		ok
seed.tests.r1.feat.45-rec-result	ok	0	BEHAVIOUR-SAME	1	1	0	0	0	0		ok
seed.tests.r1.feat.46-doseq-trap	refuse	0	AMU-ACCEPTS	0	0	0	0	0	0		ok
seed.tests.r1.feat.47-doseq-no-trap	refuse	0	AMU-ACCEPTS	0	0	0	0	0	0		ok
seed.tests.r1.feat.48-doseq-empty	refuse	0	AMU-ACCEPTS	0	0	0	0	0	0		ok
seed.tests.r1.feat.49-doseq-literal	refuse	0	AMU-ACCEPTS	0	0	0	0	0	0		ok
seed.tests.r1.conf.c01-case-threading	ok	0	BEHAVIOUR-SAME	1	1	0	0	0	0		ok
seed.tests.r1.conf.c02-condp	ok	0	BEHAVIOUR-SAME	1	1	0	0	0	0		ok
seed.tests.r1.conf.c03-dotimes	ok	0	BEHAVIOUR-SAME	1	1	0	0	0	0		ok
seed.tests.r1.conf.c04-match-desugar	ok	0	BEHAVIOUR-SAME	1	1	0	0	0	0		ok
seed.tests.r1.conf.c05-simple-sugar	ok	0	BEHAVIOUR-SAME	1	1	0	0	0	0		ok
seed.tests.r1.conf.c06-records	ok	0	BEHAVIOUR-SAME	1	1	0	0	0	0		ok
seed.tests.r1.conf.c07-values	ok	0	BEHAVIOUR-SAME	1	1	0	0	0	0		ok
seed.tests.r1.conf.c08-doseq	refuse	0	AMU-ACCEPTS	0	0	0	0	0	0		ok
seed.tests.corpus.001-i64-wrap-add	ok	0	BEHAVIOUR-SAME	1	1	0	0	0	0		ok
seed.tests.corpus.002-i64-wrap-sub	ok	0	BEHAVIOUR-SAME	1	1	0	0	0	0		ok
seed.tests.corpus.003-i64-wrap-mul	ok	0	BEHAVIOUR-SAME	1	1	0	0	0	0		ok
seed.tests.corpus.004-quot-zero-trap	ok	0	BEHAVIOUR-SAME	1	1	0	0	0	0		ok
seed.tests.corpus.005-quot-min-trap	ok	0	BEHAVIOUR-SAME	1	1	0	0	0	0		ok
seed.tests.corpus.006-quot-normal	ok	0	BEHAVIOUR-SAME	1	1	0	0	0	0		ok
seed.tests.corpus.007-quot-neg	ok	0	BEHAVIOUR-SAME	1	1	0	0	0	0		ok
seed.tests.corpus.008-shift-left	ok	0	BEHAVIOUR-SAME	1	1	0	0	0	0		ok
seed.tests.corpus.009-shift-right-u64	ok	0	BEHAVIOUR-SAME	1	1	0	0	0	0		ok
seed.tests.corpus.010-bit-and	ok	0	BEHAVIOUR-SAME	1	1	0	0	0	0		ok
seed.tests.corpus.011-bit-or	ok	0	BEHAVIOUR-SAME	1	1	0	0	0	0		ok
seed.tests.corpus.012-bit-xor	ok	0	BEHAVIOUR-SAME	1	1	0	0	0	0		ok
seed.tests.corpus.013-bit-not	ok	0	BEHAVIOUR-SAME	1	1	0	0	0	0		ok
seed.tests.corpus.014-cmp-eq	ok	0	BEHAVIOUR-SAME	1	1	0	0	0	0		ok
seed.tests.corpus.015-cmp-lt	ok	0	BEHAVIOUR-SAME	1	1	0	0	0	0		ok
seed.tests.corpus.016-cmp-gt	ok	0	BEHAVIOUR-SAME	1	1	0	0	0	0		ok
seed.tests.corpus.017-cmp-lte	ok	0	BEHAVIOUR-SAME	1	1	0	0	0	0		ok
seed.tests.corpus.018-cmp-gte	ok	0	BEHAVIOUR-SAME	1	1	0	0	0	0		ok
seed.tests.corpus.022-if-then	ok	0	BEHAVIOUR-SAME	1	1	0	0	0	0		ok
seed.tests.corpus.023-if-else	ok	0	BEHAVIOUR-SAME	1	1	0	0	0	0		ok
seed.tests.corpus.025-let	ok	0	BEHAVIOUR-SAME	1	1	0	0	0	0		ok
seed.tests.corpus.026-let-multi	ok	0	BEHAVIOUR-SAME	1	1	0	0	0	0		ok
seed.tests.corpus.027-loop-recur	ok	0	BEHAVIOUR-SAME	1	1	0	0	0	0		ok
seed.tests.corpus.028-vector-lit	ok	0	BEHAVIOUR-SAME	1	1	0	0	0	0		ok
seed.tests.corpus.029-vector-at-zero	ok	0	BEHAVIOUR-SAME	1	1	0	0	0	0		ok
seed.tests.corpus.030-params-multi	ok	0	BEHAVIOUR-SAME	1	1	0	0	0	0		ok
seed.tests.corpus.031-deep-nest-arith	ok	0	BEHAVIOUR-SAME	1	1	0	0	0	0		ok
seed.tests.corpus.032-deep-nest-cmp	ok	0	BEHAVIOUR-SAME	1	1	0	0	0	0		ok
seed.tests.corpus.033-let-many	ok	0	BEHAVIOUR-SAME	1	1	0	0	0	0		ok
seed.tests.corpus.035-min-literal	ok	0	BEHAVIOUR-SAME	1	1	0	0	0	0		ok
seed.tests.corpus.036-large-int	ok	0	BEHAVIOUR-SAME	1	1	0	0	0	0		ok
seed.tests.corpus.037-vec-conj	ok	0	BEHAVIOUR-SAME	1	1	0	0	0	0		ok
seed.tests.corpus.039-str-len	ok	0	BEHAVIOUR-SAME	1	1	0	0	0	0		ok
seed.tests.corpus.040-str-empty	ok	0	BEHAVIOUR-SAME	1	1	0	0	0	0		ok
seed.tests.corpus.041-shift-0	ok	0	BEHAVIOUR-SAME	1	1	0	0	0	0		ok
seed.tests.corpus.042-shift-63	ok	0	BEHAVIOUR-SAME	1	1	0	0	0	0		ok
seed.tests.corpus.043-shift-right-63	ok	0	BEHAVIOUR-SAME	1	1	0	0	0	0		ok
seed.tests.corpus.044-neg-param	ok	0	BEHAVIOUR-SAME	1	1	0	0	0	0		ok
seed.tests.corpus.045-expr-param	ok	0	BEHAVIOUR-SAME	1	1	0	0	0	0		ok
seed.tests.corpus.046-compose	ok	0	BEHAVIOUR-SAME	1	1	0	0	0	0		ok
seed.tests.corpus.047-multi-return	ok	0	BEHAVIOUR-SAME	1	1	0	0	0	0		ok
seed.tests.corpus.048-self-recur	ok	0	BEHAVIOUR-SAME	1	1	0	0	0	0		ok
seed.tests.corpus.049-let-levels	ok	0	BEHAVIOUR-SAME	1	1	0	0	0	0		ok
seed.tests.corpus.051-loop-as-value	ok	0	BEHAVIOUR-SAME	1	1	0	0	0	0		ok
seed.tests.corpus.052-arith-prec	ok	0	BEHAVIOUR-SAME	1	1	0	0	0	0		ok
seed.tests.corpus.054-vec-ops	ok	0	BEHAVIOUR-SAME	1	1	0	0	0	0		ok
seed.tests.corpus.055-eq-types	ok	0	BEHAVIOUR-SAME	1	1	0	0	0	0		ok
seed.tests.corpus.056-complex-arith	ok	0	BEHAVIOUR-SAME	1	1	0	0	0	0		ok
seed.tests.corpus.057-zero-check	ok	0	BEHAVIOUR-SAME	1	1	0	0	0	0		ok
seed.tests.corpus.058-shift-chain	ok	0	BEHAVIOUR-SAME	1	1	0	0	0	0		ok
seed.tests.corpus.059-loop-accum	ok	0	BEHAVIOUR-SAME	1	1	0	0	0	0		ok
seed.tests.corpus.060-truthiness	refuse	65	BOTH-REFUSE	0	0	0	0	0	0	seed: E2104 type mismatch in 'if': expected :bool (byte 69)	-
seed.tests.corpus.062-vec-long	ok	0	BEHAVIOUR-SAME	1	1	0	0	0	0		ok
seed.tests.corpus.063-bit-chain	ok	0	BEHAVIOUR-SAME	1	1	0	0	0	0		ok
seed.tests.corpus.064-quot-wrap	ok	0	BEHAVIOUR-SAME	1	1	0	0	0	0		ok
seed.tests.corpus.066-nested-cmp	ok	0	BEHAVIOUR-SAME	1	1	0	0	0	0		ok
seed.tests.corpus.068-triple-comp	ok	0	BEHAVIOUR-SAME	1	1	0	0	0	0		ok
seed.tests.corpus.069-loop-100	ok	0	BEHAVIOUR-SAME	1	1	0	0	0	0		ok
seed.tests.corpus.071-vec-loop	ok	0	BEHAVIOUR-SAME	1	1	0	0	0	0		ok
seed.tests.corpus.072-bool-return	ok	0	BEHAVIOUR-SAME	1	1	0	0	0	0		ok
seed.tests.corpus.074-shift-var	ok	0	BEHAVIOUR-SAME	1	1	0	0	0	0		ok
seed.tests.corpus.075-arith-cond	ok	0	BEHAVIOUR-SAME	1	1	0	0	0	0		ok
seed.tests.corpus.076-let-cond	ok	0	BEHAVIOUR-SAME	1	1	0	0	0	0		ok
seed.tests.corpus.078-bit-edge	ok	0	BEHAVIOUR-SAME	1	1	0	0	0	0		ok
seed.tests.corpus.079-multi-ret	ok	0	BEHAVIOUR-SAME	1	1	0	0	0	0		ok
seed.tests.corpus.080-str-long	ok	0	BEHAVIOUR-SAME	1	1	0	0	0	0		ok
resources.kotoba.lang-conformance.values.composed_surface_kit	refuse	0	AMU-ACCEPTS	0	0	0	0	0	0		ok
resources.kotoba.lang-conformance.values.contextual_invoke	ok	0	BEHAVIOUR-SAME	1	1	0	0	0	0		ok
resources.kotoba.lang-conformance.values.if_some_kit	ok	0	BEHAVIOUR-SAME	1	1	0	0	0	0		ok
resources.kotoba.lang-conformance.values.if_some_string_kit	ok	0	BEHAVIOUR-SAME	1	1	0	0	0	0		ok
resources.kotoba.lang-conformance.values.list_rest_kit	ok	0	BEHAVIOUR-SAME	1	1	0	0	0	0		ok
resources.kotoba.lang-conformance.values.map_filter_vector_kit	ok	0	BEHAVIOUR-SAME	1	1	0	0	0	0		ok
resources.kotoba.lang-conformance.values.multi_map_kit	ok	0	BEHAVIOUR-SAME	1	1	0	0	0	0		ok
resources.kotoba.lang-conformance.values.named_hof_kit	ok	0	BEHAVIOUR-SAME	1	1	0	0	0	0		ok
resources.kotoba.lang-conformance.values.nested_let_destructuring	refuse	65	BOTH-REFUSE	0	0	0	0	0	0	seed: E2111 malformed binding vector in '[' (byte 61)	-
resources.kotoba.lang-conformance.values.nested_typed_destructuring	refuse	65	BOTH-REFUSE	0	0	0	0	0	0	seed: E2111 malformed binding vector in '[' (byte 216)	-
resources.kotoba.lang-conformance.values.option_result_kit	ok	0	BEHAVIOUR-SAME	1	1	0	0	0	0		ok
resources.kotoba.lang-conformance.values.option_return_kit	ok	0	BEHAVIOUR-SAME	1	1	0	0	0	0		ok
resources.kotoba.lang-conformance.values.pair_list_kit	ok	0	BEHAVIOUR-SAME	1	1	0	0	0	0		ok
resources.kotoba.lang-conformance.values.record_kit	ok	0	BEHAVIOUR-SAME	1	1	0	0	0	0		ok
resources.kotoba.lang-conformance.values.record_protocol_static_dispatch	ok	65	AMU-REFUSES	0	0	0	0	0	0	seed: E2003 unsupported top-level form 'defprotocol' (byte 1)	-
resources.kotoba.lang-conformance.values.reduce_named_kit	ok	0	BEHAVIOUR-SAME	1	1	0	0	0	0		ok
resources.kotoba.lang-conformance.values.reduce_vector_kit	ok	0	BEHAVIOUR-SAME	1	1	0	0	0	0		ok
resources.kotoba.lang-conformance.values.string_byte_length_kit	ok	0	BEHAVIOUR-SAME	1	1	0	0	0	0		ok
resources.kotoba.lang-conformance.values.string_code_point_kit	ok	0	BEHAVIOUR-SAME	1	1	0	0	0	0		ok
resources.kotoba.lang-conformance.values.string_contains_kit	ok	0	BEHAVIOUR-SAME	1	1	0	0	0	0		ok
resources.kotoba.lang-conformance.values.string_eq_kit	ok	0	BEHAVIOUR-SAME	1	1	0	0	0	0		ok
resources.kotoba.lang-conformance.values.string_fold_case_kit	refuse	0	AMU-ACCEPTS	0	0	0	0	0	0		ok
resources.kotoba.lang-conformance.values.string_from_i64_kit	ok	0	BEHAVIOUR-SAME	1	1	0	0	0	0		ok
resources.kotoba.lang-conformance.values.string_length_concat_kit	ok	0	BEHAVIOUR-SAME	1	1	0	0	0	0		ok
resources.kotoba.lang-conformance.values.string_replace_kit	ok	0	BEHAVIOUR-SAME	1	1	0	0	0	0		ok
resources.kotoba.lang-conformance.values.string_split_count_kit	refuse	65	BOTH-REFUSE	0	0	0	0	0	0	seed: E2101 unknown or unsupported form 'string-split-count' (byte 173)	-
resources.kotoba.lang-conformance.values.string_substring_kit	ok	0	BEHAVIOUR-SAME	1	1	0	0	0	0		ok
resources.kotoba.lang-conformance.values.type_directed_heterogeneous_nth	ok	0	BEHAVIOUR-SAME	1	1	0	0	0	0		ok
resources.kotoba.lang-conformance.values.typed_defrecord_fields	ok	0	BOTH-OK-DIFF	1	1	0	0	1	0		ok
resources.kotoba.lang-conformance.values.typed_map_dissoc_kit	refuse	0	AMU-ACCEPTS	0	0	0	0	0	0		ok
resources.kotoba.lang-conformance.values.typed_map_kit	refuse	0	AMU-ACCEPTS	0	0	0	0	0	0		ok
resources.kotoba.lang-conformance.values.vector_i64_kit	ok	0	BEHAVIOUR-SAME	1	1	0	0	0	0		ok
resources.kotoba.lang-conformance.values.vector_mut_kit	ok	0	BEHAVIOUR-SAME	1	1	0	0	0	0		ok
resources.kotoba.lang-conformance.values.vector_sum_kit	ok	0	BEHAVIOUR-SAME	1	1	0	0	0	0		ok
resources.kotoba.lang-conformance.values.wide_nominal_records	refuse	65	BOTH-REFUSE	0	0	0	0	0	0	seed: E2128 malformed or conflicting record schema 'headers' (byte 117)	-
resources.kotoba.lang-conformance.control.and_or_kit	ok	0	BEHAVIOUR-SAME	1	1	0	0	0	0		ok
resources.kotoba.lang-conformance.control.arith_kit	ok	0	BEHAVIOUR-SAME	1	1	0	0	0	0		ok
resources.kotoba.lang-conformance.control.assert	ok	0	BEHAVIOUR-SAME	1	1	0	0	0	0		ok
resources.kotoba.lang-conformance.control.base64_kit	ok	0	BEHAVIOUR-SAME	1	1	0	0	0	0		ok
resources.kotoba.lang-conformance.control.bitops_kit	ok	0	BEHAVIOUR-SAME	1	1	0	0	0	0		ok
resources.kotoba.lang-conformance.control.case_kit	ok	0	BEHAVIOUR-SAME	1	1	0	0	0	0		ok
resources.kotoba.lang-conformance.control.condp	ok	0	BEHAVIOUR-SAME	1	1	0	0	0	0		ok
resources.kotoba.lang-conformance.control.dotimes	ok	0	BEHAVIOUR-SAME	1	1	0	0	0	0		ok
resources.kotoba.lang-conformance.control.if_not_kit	ok	0	BEHAVIOUR-SAME	1	1	0	0	0	0		ok
resources.kotoba.lang-conformance.control.inc_dec_kit	ok	0	BEHAVIOUR-SAME	1	1	0	0	0	0		ok
resources.kotoba.lang-conformance.control.let_kit	ok	0	BEHAVIOUR-SAME	1	1	0	0	0	0		ok
resources.kotoba.lang-conformance.control.loop_countdown_kit	ok	0	BEHAVIOUR-SAME	1	1	0	0	0	0		ok
resources.kotoba.lang-conformance.control.loop_deep_kit	ok	0	BEHAVIOUR-SAME	1	1	0	0	0	0		ok
resources.kotoba.lang-conformance.control.loop_sum_kit	ok	0	BEHAVIOUR-SAME	1	1	0	0	0	0		ok
resources.kotoba.lang-conformance.control.match_desugar	refuse	65	BOTH-REFUSE	0	0	0	0	0	0	seed: E2003 unsupported top-level form 'defdesugar' (byte 1)	-
resources.kotoba.lang-conformance.control.multimethod	ok	65	AMU-REFUSES	0	0	0	0	0	0	seed: E2003 unsupported top-level form 'defmethod' (byte 43)	-
resources.kotoba.lang-conformance.control.nested_fn_kit	ok	0	BEHAVIOUR-SAME	1	1	0	0	0	0		ok
resources.kotoba.lang-conformance.control.pred_kit	ok	0	BEHAVIOUR-SAME	1	1	0	0	0	0		ok
resources.kotoba.lang-conformance.control.quot_bitnot_kit	ok	0	BEHAVIOUR-SAME	1	1	0	0	0	0		ok
resources.kotoba.lang-conformance.control.shift_kit	ok	0	BEHAVIOUR-SAME	1	1	0	0	0	0		ok
resources.kotoba.lang-conformance.control.shift_right_kit	ok	0	BEHAVIOUR-SAME	1	1	0	0	0	0		ok
resources.kotoba.lang-conformance.control.simple_sugar	refuse	65	BOTH-REFUSE	0	0	0	0	0	0	seed: E2104 type mismatch in '+': expected :i64 (byte 91)	-
resources.kotoba.lang-conformance.control.string_join_kit	ok	0	BEHAVIOUR-SAME	1	1	0	0	0	0		ok
resources.kotoba.lang-conformance.control.thread_kit	ok	0	BEHAVIOUR-SAME	1	1	0	0	0	0		ok
resources.kotoba.lang-conformance.control.true_lit_kit	ok	0	BEHAVIOUR-SAME	1	1	0	0	0	0		ok
resources.kotoba.lang-conformance.control.when_cond_kit	ok	0	BEHAVIOUR-SAME	1	1	0	0	0	0		ok
resources.kotoba.lang-conformance.control.when_ext_kit	ok	0	BEHAVIOUR-SAME	1	1	0	0	0	0		ok
resources.kotoba.lang-conformance.control.when_let_u64_kit	ok	0	BEHAVIOUR-SAME	1	1	0	0	0	0		ok
resources.kotoba.lang-conformance.native.f64_add	ok	0	BEHAVIOUR-SAME	1	1	0	0	0	0		ok
resources.kotoba.lang-conformance.native.f64_mixed	refuse	0	AMU-ACCEPTS	0	0	0	0	0	0		ok
resources.kotoba.lang-conformance.native.i32_probe	ok	0	BEHAVIOUR-SAME	1	1	0	0	0	0		ok
resources.kotoba.lang-conformance.native.i64_add	ok	0	BEHAVIOUR-SAME	1	1	0	0	0	0		ok
resources.kotoba.lang-conformance.native.i64_nested	ok	0	BEHAVIOUR-SAME	1	1	0	0	0	0		ok
resources.kotoba.lang-conformance.native.option_if_some	ok	0	BEHAVIOUR-SAME	1	1	0	0	0	0		ok
resources.kotoba.lang-conformance.native.step_fold_classify	ok	0	BEHAVIOUR-SAME	6	6	0	0	0	0		ok
resources.kotoba.lang-conformance.native.string_concat_len	ok	0	BEHAVIOUR-SAME	1	1	0	0	0	0		ok
resources.kotoba.lang-conformance.native.string_length	ok	0	BEHAVIOUR-SAME	1	1	0	0	0	0		ok
resources.kotoba.lang-conformance.native.vector_assoc_at	ok	0	BEHAVIOUR-SAME	1	1	0	0	0	0		ok
resources.kotoba.lang-conformance.native.vector_assoc_preserves_source	ok	0	BEHAVIOUR-SAME	1	1	0	0	0	0		ok
resources.kotoba.lang-conformance.native.vector_at	ok	0	BEHAVIOUR-SAME	1	1	0	0	0	0		ok
resources.kotoba.lang-conformance.native.vector_conj_at	ok	0	BEHAVIOUR-SAME	1	1	0	0	0	0		ok
resources.kotoba.lang-conformance.native.vector_count	ok	0	BEHAVIOUR-SAME	1	1	0	0	0	0		ok
resources.kotoba.lang-conformance.native.vector_drop_count	ok	0	BEHAVIOUR-SAME	1	1	0	0	0	0		ok
resources.kotoba.lang-conformance.native.vector_f64_composed	ok	65	AMU-REFUSES	0	0	0	0	0	0	seed: E2101 unknown or unsupported form 'vector-f64-at' (byte 321)	-
resources.kotoba.lang-conformance.native.vector_get_fallback	ok	0	BEHAVIOUR-SAME	1	1	0	0	0	0		ok
seed.tests.conformance.abort.abort_through_callee	refuse	0	AMU-ACCEPTS	0	0	0	0	0	0		ok
seed.tests.conformance.abort.aborting_call_inside_loop	refuse	0	AMU-ACCEPTS	0	0	0	0	0	0		ok
seed.tests.conformance.abort.ex_info_round_trip	refuse	0	AMU-ACCEPTS	0	0	0	0	0	0		ok
seed.tests.conformance.abort.explicit_catch_type	refuse	0	AMU-ACCEPTS	0	0	0	0	0	0		ok
seed.tests.conformance.abort.operand_position	refuse	0	AMU-ACCEPTS	0	0	0	0	0	0		ok
seed.tests.conformance.abort.propagate_through_caller	refuse	0	AMU-ACCEPTS	0	0	0	0	0	0		ok
seed.tests.conformance.abort.throw_inside_loop	refuse	0	AMU-ACCEPTS	0	0	0	0	0	0		ok
seed.tests.conformance.abort.throw_try_one_function	ok	0	BEHAVIOUR-SAME	1	1	0	0	0	0		ok
seed.tests.conformance.collections.destructuring	refuse	65	BOTH-REFUSE	0	0	0	0	0	0	seed: E2111 malformed binding vector in '[' (byte 61)	-
seed.tests.conformance.collections.higher_order	refuse	65	BOTH-REFUSE	0	0	0	0	0	0	seed: E2104 type mismatch in 'pair-first': expected :i64 (byte 115)	-
seed.tests.conformance.collections.indexed_map	refuse	65	BOTH-REFUSE	0	0	0	0	0	0	seed: E2101 unknown or unsupported form 'map-indexed' (byte 124)	-
seed.tests.conformance.collections.map_literal_values	refuse	0	AMU-ACCEPTS	0	0	0	0	0	0		ok
seed.tests.conformance.collections.set	refuse	0	AMU-ACCEPTS	0	0	0	0	0	0		ok
seed.tests.conformance.collections.set_heterogeneous	refuse	65	BOTH-REFUSE	0	0	0	0	0	0	seed: E2104 type mismatch in '(': expected :keyword (byte 356)	-
seed.tests.conformance.collections.vector	ok	0	BEHAVIOUR-SAME	1	1	0	0	0	0		ok
seed.tests.conformance.control.assert	ok	0	BEHAVIOUR-SAME	1	1	0	0	0	0		ok
seed.tests.conformance.control.case_threading	refuse	65	BOTH-REFUSE	0	0	0	0	0	0	seed: E2104 type mismatch in 'if-let': expected :i64 (byte 175)	-
seed.tests.conformance.control.condp	ok	0	BEHAVIOUR-SAME	1	1	0	0	0	0		ok
seed.tests.conformance.control.doseq	refuse	65	BOTH-REFUSE	0	0	0	0	0	0	seed: E2104 type mismatch in 'if': expected :bool (byte 66)	-
seed.tests.conformance.control.dotimes	ok	0	BEHAVIOUR-SAME	1	1	0	0	0	0		ok
seed.tests.conformance.control.match_desugar	refuse	65	BOTH-REFUSE	0	0	0	0	0	0	seed: E2003 unsupported top-level form 'defdesugar' (byte 1)	-
seed.tests.conformance.control.multimethod	ok	65	AMU-REFUSES	0	0	0	0	0	0	seed: E2003 unsupported top-level form 'defmethod' (byte 43)	-
seed.tests.conformance.control.simple_sugar	refuse	65	BOTH-REFUSE	0	0	0	0	0	0	seed: E2104 type mismatch in 'if-not': expected :bool (byte 94)	-
seed.tests.conformance.control.some_sugar	refuse	65	BOTH-REFUSE	0	0	0	0	0	0	seed: E2104 type mismatch in 'if-some': expected :i64 (byte 61)	-
seed.tests.conformance.entry_extensions.main	refuse	0	AMU-ACCEPTS	0	0	0	0	0	0		ok
seed.tests.conformance.functions.callable_contracts	ok	0	BEHAVIOUR-SAME	7	7	0	0	0	0		ok
seed.tests.conformance.functions.closure_bytes_result	refuse	65	BOTH-REFUSE	0	0	0	0	0	0	seed: E2104 type mismatch in 'identity': expected :i64 (byte 152)	-
seed.tests.conformance.functions.closure_list_result	ok	0	BEHAVIOUR-SAME	1	1	0	0	0	0		ok
seed.tests.conformance.functions.closures	ok	0	BOTH-OK-DIFF	26	16	10	0	0	0		ok
seed.tests.conformance.functions.contextual_invoke	ok	0	BEHAVIOUR-SAME	1	1	0	0	0	0		ok
seed.tests.conformance.functions.lazy_sequences	refuse	65	BOTH-REFUSE	0	0	0	0	0	0	seed: E2101 unknown or unsupported form 'lazy-cons' (byte 18)	-
seed.tests.conformance.functions.multi_arity	refuse	0	AMU-ACCEPTS	0	0	0	0	0	0		ok
seed.tests.conformance.local-state.atom_through_an_if	ok	0	BEHAVIOUR-SAME	1	1	0	0	0	0		ok
seed.tests.conformance.local-state.counter_in_a_let	ok	0	BEHAVIOUR-SAME	1	1	0	0	0	0		ok
seed.tests.conformance.local-state.swap_with_extra_arguments	ok	0	BEHAVIOUR-SAME	1	1	0	0	0	0		ok
seed.tests.conformance.performance.collections_12	refuse	0	AMU-ACCEPTS	0	0	0	0	0	0		ok
seed.tests.conformance.performance.multi_map_12	refuse	0	AMU-ACCEPTS	0	0	0	0	0	0		ok
seed.tests.conformance.records.basic	ok	65	AMU-REFUSES	0	0	0	0	0	0	seed: E2003 unsupported top-level form 'defprotocol' (byte 1)	-
seed.tests.conformance.state.branch_join	ok	0	BEHAVIOUR-SAME	1	1	0	0	0	0		ok
seed.tests.conformance.state.ceiling_declares_state	ok	0	BEHAVIOUR-SAME	1	1	0	0	0	0		ok
seed.tests.conformance.state.counter	ok	0	BEHAVIOUR-SAME	1	1	0	0	0	0		ok
seed.tests.conformance.state.handler_logic	ok	0	BEHAVIOUR-SAME	1	1	0	0	0	0		ok
seed.tests.conformance.state.inline_operations	ok	0	BEHAVIOUR-SAME	1	1	0	0	0	0		ok
seed.tests.conformance.state.loop_accumulator	ok	0	BEHAVIOUR-SAME	1	1	0	0	0	0		ok
seed.tests.conformance.state.nested_handlers	ok	0	BEHAVIOUR-SAME	1	1	0	0	0	0		ok
seed.tests.conformance.state.two_state_types	ok	0	BEHAVIOUR-SAME	1	1	0	0	0	0		ok
seed.tests.conformance.stdlib.basic	refuse	65	BOTH-REFUSE	0	0	0	0	0	0	seed: E6002 required module stdlib.core is missing from the explicit source paths (byte 49)	-
seed.tests.conformance.stdlib.core	refuse	65	BOTH-REFUSE	0	0	0	0	0	0	seed: E2104 type mismatch in 'frequencies': expected :i64 (byte 11768)	-
seed.tests.conformance.stdlib.extended	refuse	65	BOTH-REFUSE	0	0	0	0	0	0	seed: E6002 required module stdlib.core is missing from the explicit source paths (byte 52)	-
seed.tests.conformance.stdlib.i64_set	ok	0	BEHAVIOUR-SAME	56	56	0	0	0	0		ok
seed.tests.conformance.stdlib.i64set	refuse	65	BOTH-REFUSE	0	0	0	0	0	0	seed: E6002 required module stdlib.i64-set is missing from the explicit source paths (byte 50)	-
seed.tests.conformance.stdlib.keyed	refuse	65	BOTH-REFUSE	0	0	0	0	0	0	seed: E6002 required module stdlib.core is missing from the explicit source paths (byte 49)	-
seed.tests.conformance.stdlib.ordered	refuse	65	BOTH-REFUSE	0	0	0	0	0	0	seed: E6002 required module stdlib.sorted-map is missing from the explicit source paths (byte 51)	-
seed.tests.conformance.stdlib.sorted_map	ok	0	BEHAVIOUR-SAME	51	51	0	0	0	0		ok
seed.tests.conformance.values.string_symbol	refuse	65	BOTH-REFUSE	0	0	0	0	0	0	seed: E2111 malformed binding vector in '{' (byte 22)	-
examples.aiueos-probe	ok	0	BEHAVIOUR-SAME	1	1	0	0	0	0		ok
examples.aiueos-uefi-console	refuse	65	BOTH-REFUSE	0	0	0	0	0	0	seed: E2101 unknown or unsupported form 'kernel-out-u8' (byte 1027)	-
examples.aiueos-uefi-literals	refuse	65	BOTH-REFUSE	0	0	0	0	0	0	seed: E2101 unknown or unsupported form 'kernel-out-u8' (byte 2561)	-
examples.aiueos-uefi-scratch	refuse	65	BOTH-REFUSE	0	0	0	0	0	0	seed: E2101 unknown or unsupported form 'kernel-out-u8' (byte 3878)	-
examples.approval-queue-app	ok	0	BEHAVIOUR-SAME	11	11	0	0	0	0		ok
examples.arena-scope	ok	0	BEHAVIOUR-SAME	26	26	0	0	0	0		ok
examples.bytes-slots	ok	0	BEHAVIOUR-SAME	5	5	0	0	0	0		ok
examples.capability-named	refuse	65	BOTH-REFUSE	0	0	0	0	0	0	seed: E2101 unknown or unsupported form 'cap-call' (byte 91)	-
examples.capability	refuse	65	BOTH-REFUSE	0	0	0	0	0	0	seed: E2101 unknown or unsupported form 'cap-call' (byte 49)	-
examples.closure-node	ok	0	BEHAVIOUR-SAME	1	1	0	0	0	0		ok
examples.cloud-itonami-health-route	ok	0	BEHAVIOUR-SAME	1	1	0	0	0	0		ok
examples.cloud-itonami-oauth-resource-route	ok	0	BEHAVIOUR-SAME	1	1	0	0	0	0		ok
examples.evm-answer	ok	0	BEHAVIOUR-SAME	1	1	0	0	0	0		ok
examples.f32-dot-product	ok	0	BEHAVIOUR-SAME	26	26	0	0	0	0		ok
examples.fuel	ok	0	BEHAVIOUR-SAME	11	11	0	0	0	0		ok
examples.heap	ok	0	BEHAVIOUR-SAME	6	6	0	0	0	0		ok
examples.held-operations	ok	0	BEHAVIOUR-SAME	1	1	0	0	0	0		ok
examples.http-service-demo	ok	0	BEHAVIOUR-SAME	6	6	0	0	0	0		ok
examples.i64-beyond-double	ok	0	BEHAVIOUR-SAME	1	1	0	0	0	0		ok
examples.i64-semantics	ok	0	BEHAVIOUR-SAME	31	31	0	0	0	0		ok
examples.i64-shift	ok	0	BEHAVIOUR-SAME	6	6	0	0	0	0		ok
examples.inline-handles	ok	0	BEHAVIOUR-SAME	12	12	0	0	0	0		ok
examples.line-slots	ok	0	BEHAVIOUR-SAME	1	1	0	0	0	0		ok
examples.list	ok	65	AMU-REFUSES	0	0	0	0	0	0	seed: E2104 type mismatch in 'cons': expected :i64 (byte 108)	-
examples.many-constants	ok	0	BEHAVIOUR-SAME	6	6	0	0	0	0		ok
examples.nested-record	ok	0	BEHAVIOUR-SAME	1	1	0	0	0	0		ok
examples.oracle-fuel-budget	refuse	0	AMU-ACCEPTS	0	0	0	0	0	0		ok
examples.range-slots	ok	0	BEHAVIOUR-SAME	2	2	0	0	0	0		ok
examples.recursive-generic	ok	0	BEHAVIOUR-SAME	1	1	0	0	0	0		ok
examples.recursive-list	refuse	0	AMU-ACCEPTS	0	0	0	0	0	0		ok
examples.recursive-tree	ok	0	BEHAVIOUR-SAME	5	5	0	0	0	0		ok
examples.string-index-of	ok	0	BEHAVIOUR-SAME	1	1	0	0	0	0		ok
examples.structured	ok	0	BEHAVIOUR-SAME	21	21	0	0	0	0		ok
examples.tail-append	ok	0	BEHAVIOUR-SAME	11	11	0	0	0	0		ok
examples.text-slots	ok	0	BEHAVIOUR-SAME	1	1	0	0	0	0		ok
examples.todo-app	refuse	65	BOTH-REFUSE	0	0	0	0	0	0	seed: E2104 type mismatch in 'view': expected :i64 (byte 7021)	-
examples.vector-alloc-limit	ok	0	BEHAVIOUR-SAME	6	6	0	0	0	0		ok
examples.w1-denial-ceiling	refuse	65	BOTH-REFUSE	0	0	0	0	0	0	seed: E2115 unsupported capability call 'log/append' (byte 186)	-
examples.w1-effect-named	refuse	65	BOTH-REFUSE	0	0	0	0	0	0	seed: E2115 unsupported capability call 'clock/now' (byte 231)	-
examples.w1-pure	ok	0	BEHAVIOUR-SAME	6	6	0	0	0	0		ok
examples.w5-linear-let-move	refuse	65	BOTH-REFUSE	0	0	0	0	0	0	seed: E2105 unsupported type '[' (byte 197)	-
examples.w5-object-put-get-product	refuse	65	BOTH-REFUSE	0	0	0	0	0	0	seed: E2115 unsupported capability call ':object/put-block' (byte 793)	-
test.dual-backend.01-i64-arith	ok	0	BEHAVIOUR-SAME	12	12	0	0	0	0		ok
test.dual-backend.02-compare	ok	0	BEHAVIOUR-SAME	13	13	0	0	0	0		ok
test.dual-backend.03-keyword-eq	ok	0	BEHAVIOUR-SAME	6	6	0	0	0	0		ok
test.dual-backend.04-bool-logic	ok	0	BEHAVIOUR-SAME	7	7	0	0	0	0		ok
test.dual-backend.05-recursion	ok	0	BEHAVIOUR-SAME	14	14	0	0	0	0		ok
test.dual-backend.06-let-loop	ok	0	BEHAVIOUR-SAME	5	5	0	0	0	0		ok
test.dual-backend.07-bitops	ok	0	BEHAVIOUR-SAME	5	5	0	0	0	0		ok
test.dual-backend.08-vector	ok	0	BEHAVIOUR-SAME	5	5	0	0	0	0		ok
test.dual-backend.09-map	ok	65	AMU-REFUSES	0	0	0	0	0	0	seed: E2105 unsupported type ':a' (byte 478)	-
test.dual-backend.10-f64	ok	65	AMU-REFUSES	0	0	0	0	0	0	seed: E2104 type mismatch in '+': expected :i64 (byte 221)	-
test.dual-backend.11-minmax	ok	0	BEHAVIOUR-SAME	7	7	0	0	0	0		ok
test.nbb.fixtures.abort-callee	refuse	0	AMU-ACCEPTS	0	0	0	0	0	0		ok
test.nbb.fixtures.callable-values	refuse	65	BOTH-REFUSE	0	0	0	0	0	0	seed: E2103 wrong number of arguments to 'map': expected 2 (byte 255)	-
test.nbb.fixtures.canonical-bytes-closure-result	refuse	65	BOTH-REFUSE	0	0	0	0	0	0	seed: E2104 type mismatch in 'main': expected :i64 (byte 69)	-
test.nbb.fixtures.canonical-list-closure-result	ok	0	BEHAVIOUR-SAME	1	1	0	0	0	0		ok
test.nbb.fixtures.closure-refinements	ok	0	BOTH-OK-DIFF	16	11	5	0	0	0		ok
test.nbb.fixtures.computed-record-map	refuse	65	BOTH-REFUSE	0	0	0	0	0	0	seed: E2101 unknown or unsupported form 'map->Person' (byte 134)	-
test.nbb.fixtures.constant-alias	ok	0	BEHAVIOUR-SAME	1	1	0	0	0	0		ok
test.nbb.fixtures.decimal-f64	refuse	65	BOTH-REFUSE	0	0	0	0	0	0	seed: E2104 type mismatch in 'parse': expected :i64 (byte 78)	-
test.nbb.fixtures.decimal-f64x3	refuse	65	BOTH-REFUSE	0	0	0	0	0	0	seed: E2104 type mismatch in 'parse': expected :i64 (byte 80)	-
test.nbb.fixtures.env-read	refuse	65	BOTH-REFUSE	0	0	0	0	0	0	seed: E2177 capability policy denies required effects; missing grants #{[:cap/call :env/read]} (required #{[:cap/call :env/read]}, allowed #{[:cap/call :fs/app-	-
test.nbb.fixtures.f32-bits	refuse	65	BOTH-REFUSE	0	0	0	0	0	0	seed: E2104 type mismatch in 'bits': expected :i64 (byte 180)	-
test.nbb.fixtures.f64-bits	refuse	65	BOTH-REFUSE	0	0	0	0	0	0	seed: E2104 type mismatch in 'negative-zero': expected :i64 (byte 140)	-
test.nbb.fixtures.fs-app-data-read	ok	0	BEHAVIOUR-SAME	1	1	0	0	0	0		ok
test.nbb.fixtures.general-document-map	refuse	65	BOTH-REFUSE	0	0	0	0	0	0	seed: E2104 type mismatch in 'value': expected :i64 (byte 64)	-
test.nbb.fixtures.hetero-vector-position	refuse	65	BOTH-REFUSE	0	0	0	0	0	0	seed: E2124 def value must be an integer, string, keyword or vector literal: 'pair-type' (byte 914)	-
test.nbb.fixtures.i32-profile	ok	0	BEHAVIOUR-SAME	6	6	0	0	0	0		ok
test.nbb.fixtures.i64-add-wraparound	ok	0	BEHAVIOUR-SAME	6	6	0	0	0	0		ok
test.nbb.fixtures.i64-max-literal	ok	0	BEHAVIOUR-SAME	1	1	0	0	0	0		ok
test.nbb.fixtures.i64-min-literal	ok	0	BEHAVIOUR-SAME	1	1	0	0	0	0		ok
test.nbb.fixtures.keyword-set-constant	ok	0	BEHAVIOUR-SAME	1	1	0	0	0	0		ok
test.nbb.fixtures.lazy-sequence	ok	65	AMU-REFUSES	0	0	0	0	0	0	seed: E2101 unknown or unsupported form 'lazy-cons' (byte 22)	-
test.nbb.fixtures.local-uleb128-130	refuse	0	AMU-ACCEPTS	0	0	0	0	0	0		ok
test.nbb.fixtures.multi-arity	ok	65	AMU-REFUSES	0	0	0	0	0	0	seed: E2138 a multi-arity or variadic function cannot be exported: 'offset' (byte 53)	-
test.nbb.fixtures.negative-one-literal	ok	0	BEHAVIOUR-SAME	1	1	0	0	0	0		ok
test.nbb.fixtures.numeric-closure-results	refuse	65	BOTH-REFUSE	0	0	0	0	0	0	seed: E2101 unknown or unsupported form 'vector-f64-new' (byte 168)	-
test.nbb.fixtures.option-or-branch	ok	0	BEHAVIOUR-SAME	1	1	0	0	0	0		ok
test.nbb.fixtures.option-or	ok	0	BEHAVIOUR-SAME	2	2	0	0	0	0		ok
test.nbb.fixtures.pure-product-capability	refuse	65	BOTH-REFUSE	0	0	0	0	0	0	seed: E2101 unknown or unsupported form 'cap-call' (byte 103)	-
test.nbb.fixtures.sleb-boundary-127	ok	0	BEHAVIOUR-SAME	1	1	0	0	0	0		ok
test.nbb.fixtures.sleb-boundary-128	ok	0	BEHAVIOUR-SAME	1	1	0	0	0	0		ok
test.nbb.fixtures.sleb-boundary-neg128	ok	0	BEHAVIOUR-SAME	1	1	0	0	0	0		ok
test.nbb.fixtures.static-extend-protocol	ok	65	AMU-REFUSES	0	0	0	0	0	0	seed: E2003 unsupported top-level form 'defprotocol' (byte 55)	-
test.nbb.fixtures.typed-closure-parameters	ok	65	AMU-REFUSES	0	0	0	0	0	0	seed: E2101 unknown or unsupported form 'document' (byte 365)	-
test.nbb.fixtures.vector-f64	refuse	65	BOTH-REFUSE	0	0	0	0	0	0	seed: E1005 unsupported reader syntax '#' (byte 111)	-
test.nbb.fixtures.vector-linear	ok	0	BEHAVIOUR-SAME	6	6	0	0	0	0		ok
test.nbb.fixtures.xml-query	refuse	65	BOTH-REFUSE	0	0	0	0	0	0	seed: E2104 type mismatch in 'element-text': expected :i64 (byte 285)	-
test.nbb.fixtures.state.branch_join	ok	0	BEHAVIOUR-SAME	1	1	0	0	0	0		ok
test.nbb.fixtures.state.ceiling_declares_state	ok	0	BEHAVIOUR-SAME	1	1	0	0	0	0		ok
test.nbb.fixtures.state.counter	ok	0	BEHAVIOUR-SAME	1	1	0	0	0	0		ok
test.nbb.fixtures.state.handler_logic	ok	0	BEHAVIOUR-SAME	1	1	0	0	0	0		ok
test.nbb.fixtures.state.inline_operations	ok	0	BEHAVIOUR-SAME	1	1	0	0	0	0		ok
test.nbb.fixtures.state.loop_accumulator	ok	0	BEHAVIOUR-SAME	1	1	0	0	0	0		ok
test.nbb.fixtures.state.nested_handlers	ok	0	BEHAVIOUR-SAME	1	1	0	0	0	0		ok
test.nbb.fixtures.state.two_state_types	ok	0	BEHAVIOUR-SAME	1	1	0	0	0	0		ok
bench.runtime-comparison.kernel	ok	0	BEHAVIOUR-SAME	11	11	0	0	0	0		ok
bench.runtime-comparison.kernel_batch	ok	0	BEHAVIOUR-SAME	5	5	0	0	0	0		ok
bench.runtime-comparison.kernel_call	ok	0	BEHAVIOUR-SAME	5	5	0	0	0	0		ok
bench.runtime-comparison.kernel_call_branch	ok	0	BEHAVIOUR-SAME	5	5	0	0	0	0		ok
bench.runtime-comparison.kernel_call_deep	ok	0	BEHAVIOUR-SAME	5	5	0	0	0	0		ok
bench.runtime-comparison.kernel_call_deep_branch	ok	0	BEHAVIOUR-SAME	5	5	0	0	0	0		ok
bench.runtime-comparison.kernel_cfg_call	ok	0	BEHAVIOUR-SAME	5	5	0	0	0	0		ok
bench.runtime-comparison.kernel_collections	ok	0	BEHAVIOUR-SAME	5	5	0	0	0	0		ok
bench.runtime-comparison.kernel_deep	ok	0	BEHAVIOUR-SAME	5	5	0	0	0	0		ok
bench.runtime-comparison.kernel_deep_accum	ok	0	BEHAVIOUR-SAME	5	5	0	0	0	0		ok
bench.runtime-comparison.kernel_deep_incremental	ok	0	BEHAVIOUR-SAME	5	5	0	0	0	0		ok
bench.runtime-comparison.kernel_deep_movonly	ok	0	BEHAVIOUR-SAME	5	5	0	0	0	0		ok
bench.runtime-comparison.kernel_deep_narrowconst	ok	0	BEHAVIOUR-SAME	5	5	0	0	0	0		ok
bench.runtime-comparison.kernel_loop_call	ok	0	BEHAVIOUR-SAME	6	6	0	0	0	0		ok
bench.runtime-comparison.kernel_state	ok	0	BEHAVIOUR-SAME	5	5	0	0	0	0		ok
bench.runtime-comparison.kernel_strings	ok	0	BEHAVIOUR-SAME	5	5	0	0	0	0		ok
bench.runtime-comparison.kernel_wide	ok	0	BEHAVIOUR-SAME	5	5	0	0	0	0		ok
