embench.ports.aha-mont64	run.1	SAME	rc=0 	rc=0 
embench.ports.aha-mont64	run.2	SAME	rc=0 	rc=0 
embench.ports.aha-mont64	run.3	SAME	rc=0 	rc=0 
embench.ports.aha-mont64	run.4	SAME	rc=0 	rc=0 
embench.ports.aha-mont64	run.5	SAME	rc=0 	rc=0 
embench.ports.aha-mont64	test-aha-mont64.1	SAME	rc=0 	rc=0 
embench.ports.crc32	run.1	SAME	rc=0 	rc=0 
embench.ports.crc32	run.2	SAME	rc=0 	rc=0 
embench.ports.crc32	run.3	SAME	rc=0 	rc=0 
embench.ports.crc32	run.4	SAME	rc=0 	rc=0 
embench.ports.crc32	run.5	SAME	rc=0 	rc=0 
embench.ports.crc32	test-crc32.1	SAME	rc=0 	rc=0 
embench.ports.depthconv	run.1	SAME	rc=0 	rc=0 
embench.ports.depthconv	run.2	SAME	rc=0 	rc=0 
embench.ports.depthconv	run.3	SAME	rc=0 	rc=0 
embench.ports.depthconv	run.4	SAME	rc=0 	rc=0 
embench.ports.depthconv	run.5	SAME	rc=0 	rc=0 
embench.ports.depthconv	test-depthconv.1	SAME	rc=0 	rc=0 
embench.ports.edn	run.1	SAME	rc=0 	rc=0 
embench.ports.edn	run.2	SAME	rc=0 	rc=0 
embench.ports.edn	run.3	SAME	rc=0 	rc=0 
embench.ports.edn	run.4	SAME	rc=0 	rc=0 
embench.ports.edn	run.5	SAME	rc=0 	rc=0 
embench.ports.edn	test-edn.1	SAME	rc=0 	rc=0 
embench.ports.huffbench	run.1	SAME	rc=0 	rc=0 
embench.ports.huffbench	run.2	SAME	rc=0 	rc=0 
embench.ports.huffbench	run.3	SAME	rc=0 	rc=0 
embench.ports.huffbench	run.4	SAME	rc=0 	rc=0 
embench.ports.huffbench	run.5	SAME	rc=0 	rc=0 
embench.ports.huffbench	test-huffbench.1	SAME	rc=0 	rc=0 
embench.ports.matmult-int	run.1	SAME	rc=0 	rc=0 
embench.ports.matmult-int	run.2	SAME	rc=0 	rc=0 
embench.ports.matmult-int	run.3	SAME	rc=0 	rc=0 
embench.ports.matmult-int	run.4	SAME	rc=0 	rc=0 
embench.ports.matmult-int	run.5	SAME	rc=0 	rc=0 
embench.ports.matmult-int	test-matmult.1	SAME	rc=0 	rc=0 
embench.ports.md5sum	run.1	SAME	rc=0 	rc=0 
embench.ports.md5sum	run.2	SAME	rc=0 	rc=0 
embench.ports.md5sum	run.3	SAME	rc=0 	rc=0 
embench.ports.md5sum	run.4	SAME	rc=0 	rc=0 
embench.ports.md5sum	run.5	SAME	rc=0 	rc=0 
embench.ports.md5sum	test-md5sum.1	SAME	rc=0 	rc=0 
embench.ports.nettle-aes	run.1	SAME	rc=0 	rc=0 
embench.ports.nettle-aes	run.2	SAME	rc=0 	rc=0 
embench.ports.nettle-aes	run.3	SAME	rc=0 	rc=0 
embench.ports.nettle-aes	run.4	SAME	rc=0 	rc=0 
embench.ports.nettle-aes	run.5	SAME	rc=0 	rc=0 
embench.ports.nettle-aes	test-nettle-aes.1	SAME	rc=0 	rc=0 
embench.ports.nettle-sha256	run.1	SAME	rc=0 	rc=0 
embench.ports.nettle-sha256	run.2	SAME	rc=0 	rc=0 
embench.ports.nettle-sha256	run.3	SAME	rc=0 	rc=0 
embench.ports.nettle-sha256	run.4	SAME	rc=0 	rc=0 
embench.ports.nettle-sha256	run.5	SAME	rc=0 	rc=0 
embench.ports.nettle-sha256	test-nettle-sha256.1	SAME	rc=0 	rc=0 
embench.ports.nsichneu	run.1	SAME	rc=0 	rc=0 
embench.ports.nsichneu	run.2	SAME	rc=0 	rc=0 
embench.ports.nsichneu	run.3	SAME	rc=0 	rc=0 
embench.ports.nsichneu	run.4	SAME	rc=0 	rc=0 
embench.ports.nsichneu	run.5	SAME	rc=0 	rc=0 
embench.ports.nsichneu	test-nsichneu.1	SAME	rc=0 	rc=0 
embench.ports.picojpeg	run.1	SAME	rc=0 	rc=0 
embench.ports.picojpeg	run.2	SAME	rc=0 	rc=0 
embench.ports.picojpeg	run.3	SAME	rc=0 	rc=0 
embench.ports.picojpeg	run.4	SAME	rc=0 	rc=0 
embench.ports.picojpeg	run.5	SAME	rc=0 	rc=0 
embench.ports.picojpeg	test-picojpeg.1	SAME	rc=0 	rc=0 
embench.ports.qrduino	run.1	SAME	rc=0 	rc=0 
embench.ports.qrduino	run.2	SAME	rc=0 	rc=0 
embench.ports.qrduino	run.3	SAME	rc=0 	rc=0 
embench.ports.qrduino	run.4	SAME	rc=0 	rc=0 
embench.ports.qrduino	run.5	SAME	rc=0 	rc=0 
embench.ports.qrduino	test-qrduino.1	SAME	rc=0 	rc=0 
embench.ports.sglib-combined	run.1	SAME	rc=0 	rc=0 
embench.ports.sglib-combined	run.2	SAME	rc=0 	rc=0 
embench.ports.sglib-combined	run.3	SAME	rc=0 	rc=0 
embench.ports.sglib-combined	run.4	SAME	rc=0 	rc=0 
embench.ports.sglib-combined	run.5	SAME	rc=0 	rc=0 
embench.ports.sglib-combined	test-sglib-combined.1	SAME	rc=0 	rc=0 
embench.ports.slre	run.1	SAME	rc=0 	rc=0 
embench.ports.slre	run.2	SAME	rc=0 	rc=0 
embench.ports.slre	run.3	SAME	rc=0 	rc=0 
embench.ports.slre	run.4	SAME	rc=0 	rc=0 
embench.ports.slre	run.5	SAME	rc=0 	rc=0 
embench.ports.slre	test-slre.1	SAME	rc=0 	rc=0 
embench.ports.statemate	run.1	SAME	rc=0 	rc=0 
embench.ports.statemate	run.2	SAME	rc=0 	rc=0 
embench.ports.statemate	run.3	SAME	rc=0 	rc=0 
embench.ports.statemate	run.4	SAME	rc=0 	rc=0 
embench.ports.statemate	run.5	SAME	rc=0 	rc=0 
embench.ports.statemate	test-statemate.1	SAME	rc=0 	rc=0 
embench.ports.tarfind	run.1	SAME	rc=0 	rc=0 
embench.ports.tarfind	run.2	SAME	rc=0 	rc=0 
embench.ports.tarfind	run.3	SAME	rc=0 	rc=0 
embench.ports.tarfind	run.4	SAME	rc=0 	rc=0 
embench.ports.tarfind	run.5	SAME	rc=0 	rc=0 
embench.ports.tarfind	test-tarfind.1	SAME	rc=0 	rc=0 
embench.ports.ud	run.1	SAME	rc=0 	rc=0 
embench.ports.ud	run.2	SAME	rc=0 	rc=0 
embench.ports.ud	run.3	SAME	rc=0 	rc=0 
embench.ports.ud	run.4	SAME	rc=0 	rc=0 
embench.ports.ud	run.5	SAME	rc=0 	rc=0 
embench.ports.ud	test-ud.1	SAME	rc=0 	rc=0 
embench.ports.wikisort	run.1	SAME	rc=0 	rc=0 
embench.ports.wikisort	run.2	SAME	rc=0 	rc=0 
embench.ports.wikisort	run.3	SAME	rc=0 	rc=0 
embench.ports.wikisort	run.4	SAME	rc=0 	rc=0 
embench.ports.wikisort	run.5	SAME	rc=0 	rc=0 
embench.ports.wikisort	test-wikisort.1	SAME	rc=0 	rc=0 
embench.ports.xgboost	run.1	SAME	rc=0 	rc=0 
embench.ports.xgboost	run.2	SAME	rc=0 	rc=0 
embench.ports.xgboost	run.3	SAME	rc=0 	rc=0 
embench.ports.xgboost	run.4	SAME	rc=0 	rc=0 
embench.ports.xgboost	run.5	SAME	rc=0 	rc=0 
embench.ports.xgboost	test-xgboost.1	SAME	rc=0 	rc=0 
seed.tests.r1.feat.01-do-value	test.1	SAME	rc=0 	rc=0 
seed.tests.r1.feat.02-do-nested	test.1	SAME	rc=0 	rc=0 
seed.tests.r1.feat.03-do-calls	test.1	SAME	rc=0 	rc=0 
seed.tests.r1.feat.04-do-trap-order	test.1	SAME	rc=120 KEXE_TRAP {:kind :signal :signal :SIGTRAP}	rc=120 KEXE_TRAP {:kind :signal :signal :SIGTRAP}
seed.tests.r1.feat.05-when-true	test.1	SAME	rc=0 	rc=0 
seed.tests.r1.feat.06-when-false	test.1	SAME	rc=0 	rc=0 
seed.tests.r1.feat.07-when-multi	test.1	SAME	rc=0 	rc=0 
seed.tests.r1.feat.08-when-skip-trap	test.1	SAME	rc=0 	rc=0 
seed.tests.r1.feat.09-cond-first	test.1	SAME	rc=0 	rc=0 
seed.tests.r1.feat.10-cond-middle	test.1	SAME	rc=0 	rc=0 
seed.tests.r1.feat.11-cond-else	test.1	SAME	rc=0 	rc=0 
seed.tests.r1.feat.12-cond-nested	test.1	SAME	rc=0 	rc=0 
seed.tests.r1.feat.13-cond-ten	test.1	SAME	rc=0 	rc=0 
seed.tests.r1.feat.14-cond-loop	test.1	SAME	rc=0 	rc=0 
seed.tests.r1.feat.15-case-i64-hit	test.1	SAME	rc=0 	rc=0 
seed.tests.r1.feat.16-case-i64-default	test.1	SAME	rc=0 	rc=0 
seed.tests.r1.feat.17-case-negative	test.1	SAME	rc=0 	rc=0 
seed.tests.r1.feat.18-case-kw-hit	test.1	SAME	rc=0 	rc=0 
seed.tests.r1.feat.19-case-kw-default	test.1	SAME	rc=0 	rc=0 
seed.tests.r1.feat.20-case-grouped	test.1	SAME	rc=0 	rc=0 
seed.tests.r1.feat.21-case-loop	test.1	SAME	rc=0 	rc=0 
seed.tests.r1.feat.22-case-expr	test.1	SAME	rc=0 	rc=0 
seed.tests.r1.feat.23-case-min	test.1	SAME	rc=0 	rc=0 
seed.tests.r1.feat.24-thread-first	test.1	SAME	rc=0 	rc=0 
seed.tests.r1.feat.25-thread-last	test.1	SAME	rc=0 	rc=0 
seed.tests.r1.feat.26-thread-in-arith	test.1	SAME	rc=0 	rc=0 
seed.tests.r1.feat.27-thread-bare	test.1	SAME	rc=0 	rc=0 
seed.tests.r1.feat.28-thread-nested	test.1	SAME	rc=0 	rc=0 
seed.tests.r1.feat.29-dotimes-value	test.1	SAME	rc=0 	rc=0 
seed.tests.r1.feat.30-dotimes-zero	test.1	SAME	rc=0 	rc=0 
seed.tests.r1.feat.31-dotimes-trap-last	test.1	SAME	rc=120 KEXE_TRAP {:kind :signal :signal :SIGTRAP}	rc=120 KEXE_TRAP {:kind :signal :signal :SIGTRAP}
seed.tests.r1.feat.32-dotimes-calls	test.1	SAME	rc=0 	rc=0 
seed.tests.r1.feat.33-dotimes-nested	test.1	SAME	rc=120 KEXE_TRAP {:kind :signal :signal :SIGTRAP}	rc=120 KEXE_TRAP {:kind :signal :signal :SIGTRAP}
seed.tests.r1.feat.34-kw-eq	test.1	SAME	rc=0 	rc=0 
seed.tests.r1.feat.35-kw-ne	test.1	SAME	rc=0 	rc=0 
seed.tests.r1.feat.36-rec-basic	test.1	SAME	rc=0 	rc=0 
seed.tests.r1.feat.37-rec-bool	test.1	SAME	rc=0 	rc=0 
seed.tests.r1.feat.38-rec-string	test.1	SAME	rc=0 	rc=0 
seed.tests.r1.feat.39-rec-param	test.1	SAME	rc=0 	rc=0 
seed.tests.r1.feat.40-rec-two-types	test.1	SAME	rc=0 	rc=0 
seed.tests.r1.feat.41-rec-loop	test.1	SAME	rc=0 	rc=0 
seed.tests.r1.feat.42-rec-assoc	test.1	SAME	rc=0 	rc=0 
seed.tests.r1.feat.43-rec-map-ctor	test.1	SAME	rc=0 	rc=0 
seed.tests.r1.feat.44-rec-six-fields	test.1	SAME	rc=0 	rc=0 
seed.tests.r1.feat.45-rec-result	test.1	SAME	rc=0 	rc=0 
seed.tests.r1.conf.c01-case-threading	test.1	SAME	rc=0 	rc=0 
seed.tests.r1.conf.c02-condp	test.1	SAME	rc=0 	rc=0 
seed.tests.r1.conf.c03-dotimes	test.1	SAME	rc=0 	rc=0 
seed.tests.r1.conf.c04-match-desugar	test.1	SAME	rc=0 	rc=0 
seed.tests.r1.conf.c05-simple-sugar	test.1	SAME	rc=0 	rc=0 
seed.tests.r1.conf.c06-records	test.1	SAME	rc=0 	rc=0 
seed.tests.r1.conf.c07-values	test.1	SAME	rc=0 	rc=0 
seed.tests.corpus.001-i64-wrap-add	test-001.1	SAME	rc=0 	rc=0 
seed.tests.corpus.002-i64-wrap-sub	test-002.1	SAME	rc=0 	rc=0 
seed.tests.corpus.003-i64-wrap-mul	test-003.1	SAME	rc=0 	rc=0 
seed.tests.corpus.004-quot-zero-trap	test-004.1	SAME	rc=0 	rc=0 
seed.tests.corpus.005-quot-min-trap	test-005.1	SAME	rc=0 	rc=0 
seed.tests.corpus.006-quot-normal	test-006.1	SAME	rc=0 	rc=0 
seed.tests.corpus.007-quot-neg	test-007.1	SAME	rc=0 	rc=0 
seed.tests.corpus.008-shift-left	test-008.1	SAME	rc=0 	rc=0 
seed.tests.corpus.009-shift-right-u64	test-009.1	SAME	rc=0 	rc=0 
seed.tests.corpus.010-bit-and	test-010.1	SAME	rc=0 	rc=0 
seed.tests.corpus.011-bit-or	test-011.1	SAME	rc=0 	rc=0 
seed.tests.corpus.012-bit-xor	test-012.1	SAME	rc=0 	rc=0 
seed.tests.corpus.013-bit-not	test-013.1	SAME	rc=0 	rc=0 
seed.tests.corpus.014-cmp-eq	test-014.1	SAME	rc=0 	rc=0 
seed.tests.corpus.015-cmp-lt	test-015.1	SAME	rc=0 	rc=0 
seed.tests.corpus.016-cmp-gt	test-016.1	SAME	rc=0 	rc=0 
seed.tests.corpus.017-cmp-lte	test-017.1	SAME	rc=0 	rc=0 
seed.tests.corpus.018-cmp-gte	test-018.1	SAME	rc=0 	rc=0 
seed.tests.corpus.022-if-then	test-022.1	SAME	rc=0 	rc=0 
seed.tests.corpus.023-if-else	test-023.1	SAME	rc=0 	rc=0 
seed.tests.corpus.025-let	test-025.1	SAME	rc=0 	rc=0 
seed.tests.corpus.026-let-multi	test-026.1	SAME	rc=0 	rc=0 
seed.tests.corpus.027-loop-recur	test-027.1	SAME	rc=0 	rc=0 
seed.tests.corpus.028-vector-lit	test-028.1	SAME	rc=0 	rc=0 
seed.tests.corpus.029-vector-at-zero	test-029.1	SAME	rc=0 	rc=0 
seed.tests.corpus.030-params-multi	test-030.1	SAME	rc=0 	rc=0 
seed.tests.corpus.031-deep-nest-arith	test-031.1	SAME	rc=0 	rc=0 
seed.tests.corpus.032-deep-nest-cmp	test-032.1	SAME	rc=0 	rc=0 
seed.tests.corpus.033-let-many	test-033.1	SAME	rc=0 	rc=0 
seed.tests.corpus.035-min-literal	test-035.1	SAME	rc=0 	rc=0 
seed.tests.corpus.036-large-int	test-036.1	SAME	rc=0 	rc=0 
seed.tests.corpus.037-vec-conj	test-037.1	SAME	rc=0 	rc=0 
seed.tests.corpus.039-str-len	test-039.1	SAME	rc=0 	rc=0 
seed.tests.corpus.040-str-empty	test-040.1	SAME	rc=0 	rc=0 
seed.tests.corpus.041-shift-0	test-041.1	SAME	rc=0 	rc=0 
seed.tests.corpus.042-shift-63	test-042.1	SAME	rc=0 	rc=0 
seed.tests.corpus.043-shift-right-63	test-043.1	SAME	rc=0 	rc=0 
seed.tests.corpus.044-neg-param	test-044.1	SAME	rc=0 	rc=0 
seed.tests.corpus.045-expr-param	test-045.1	SAME	rc=0 	rc=0 
seed.tests.corpus.046-compose	test-046.1	SAME	rc=0 	rc=0 
seed.tests.corpus.047-multi-return	test-047.1	SAME	rc=0 	rc=0 
seed.tests.corpus.048-self-recur	test-048.1	SAME	rc=0 	rc=0 
seed.tests.corpus.049-let-levels	test-049.1	SAME	rc=0 	rc=0 
seed.tests.corpus.051-loop-as-value	test-051.1	SAME	rc=0 	rc=0 
seed.tests.corpus.052-arith-prec	test-052.1	SAME	rc=0 	rc=0 
seed.tests.corpus.054-vec-ops	test-054.1	SAME	rc=0 	rc=0 
seed.tests.corpus.055-eq-types	test-055.1	SAME	rc=0 	rc=0 
seed.tests.corpus.056-complex-arith	test-056.1	SAME	rc=0 	rc=0 
seed.tests.corpus.057-zero-check	test-057.1	SAME	rc=0 	rc=0 
seed.tests.corpus.058-shift-chain	test-058.1	SAME	rc=0 	rc=0 
seed.tests.corpus.059-loop-accum	test-059.1	SAME	rc=0 	rc=0 
seed.tests.corpus.062-vec-long	test-062.1	SAME	rc=0 	rc=0 
seed.tests.corpus.063-bit-chain	test-063.1	SAME	rc=0 	rc=0 
seed.tests.corpus.064-quot-wrap	test-064.1	SAME	rc=0 	rc=0 
seed.tests.corpus.066-nested-cmp	test-066.1	SAME	rc=0 	rc=0 
seed.tests.corpus.068-triple-comp	test-068.1	SAME	rc=0 	rc=0 
seed.tests.corpus.069-loop-100	test-069.1	SAME	rc=0 	rc=0 
seed.tests.corpus.071-vec-loop	test-071.1	SAME	rc=0 	rc=0 
seed.tests.corpus.072-bool-return	test-072.1	SAME	rc=0 	rc=0 
seed.tests.corpus.074-shift-var	test-074.1	SAME	rc=0 	rc=0 
seed.tests.corpus.075-arith-cond	test-075.1	SAME	rc=0 	rc=0 
seed.tests.corpus.076-let-cond	test-076.1	SAME	rc=0 	rc=0 
seed.tests.corpus.078-bit-edge	test-078.1	SAME	rc=0 	rc=0 
seed.tests.corpus.079-multi-ret	test-079.1	SAME	rc=0 	rc=0 
seed.tests.corpus.080-str-long	test-080.1	SAME	rc=0 	rc=0 
resources.kotoba.lang-conformance.values.contextual_invoke	main.1	SAME	rc=0 	rc=0 
resources.kotoba.lang-conformance.values.if_some_kit	main.1	SAME	rc=0 	rc=0 
resources.kotoba.lang-conformance.values.if_some_string_kit	main.1	SAME	rc=0 	rc=0 
resources.kotoba.lang-conformance.values.list_rest_kit	main.1	SAME	rc=0 	rc=0 
resources.kotoba.lang-conformance.values.map_filter_vector_kit	main.1	SAME	rc=0 	rc=0 
resources.kotoba.lang-conformance.values.multi_map_kit	main.1	SAME	rc=0 	rc=0 
resources.kotoba.lang-conformance.values.named_hof_kit	main.1	SAME	rc=0 	rc=0 
resources.kotoba.lang-conformance.values.option_result_kit	main.1	SAME	rc=0 	rc=0 
resources.kotoba.lang-conformance.values.option_return_kit	main.1	SAME	rc=0 	rc=0 
resources.kotoba.lang-conformance.values.pair_list_kit	main.1	SAME	rc=0 	rc=0 
resources.kotoba.lang-conformance.values.record_kit	main.1	SAME	rc=0 	rc=0 
resources.kotoba.lang-conformance.values.reduce_named_kit	main.1	SAME	rc=0 	rc=0 
resources.kotoba.lang-conformance.values.reduce_vector_kit	main.1	SAME	rc=0 	rc=0 
resources.kotoba.lang-conformance.values.string_byte_length_kit	main.1	SAME	rc=0 	rc=0 
resources.kotoba.lang-conformance.values.string_code_point_kit	main.1	SAME	rc=0 	rc=0 
resources.kotoba.lang-conformance.values.string_contains_kit	main.1	SAME	rc=0 	rc=0 
resources.kotoba.lang-conformance.values.string_eq_kit	main.1	SAME	rc=0 	rc=0 
resources.kotoba.lang-conformance.values.string_from_i64_kit	main.1	SAME	rc=0 	rc=0 
resources.kotoba.lang-conformance.values.string_length_concat_kit	main.1	SAME	rc=0 	rc=0 
resources.kotoba.lang-conformance.values.string_replace_kit	main.1	SAME	rc=0 	rc=0 
resources.kotoba.lang-conformance.values.string_substring_kit	main.1	SAME	rc=0 	rc=0 
resources.kotoba.lang-conformance.values.type_directed_heterogeneous_nth	main.1	SAME	rc=0 	rc=0 
resources.kotoba.lang-conformance.values.typed_defrecord_fields	main.1	SAME	rc=0 	rc=0 
resources.kotoba.lang-conformance.values.typed_defrecord_fields	->Reading	MISSING
resources.kotoba.lang-conformance.values.vector_i64_kit	main.1	SAME	rc=0 	rc=0 
resources.kotoba.lang-conformance.values.vector_mut_kit	main.1	SAME	rc=0 	rc=0 
resources.kotoba.lang-conformance.values.vector_sum_kit	main.1	SAME	rc=0 	rc=0 
resources.kotoba.lang-conformance.control.and_or_kit	main.1	SAME	rc=0 	rc=0 
resources.kotoba.lang-conformance.control.arith_kit	main.1	SAME	rc=0 	rc=0 
resources.kotoba.lang-conformance.control.assert	main.1	SAME	rc=0 	rc=0 
resources.kotoba.lang-conformance.control.base64_kit	main.1	SAME	rc=0 	rc=0 
resources.kotoba.lang-conformance.control.bitops_kit	main.1	SAME	rc=0 	rc=0 
resources.kotoba.lang-conformance.control.case_kit	main.1	SAME	rc=0 	rc=0 
resources.kotoba.lang-conformance.control.condp	main.1	SAME	rc=0 	rc=0 
resources.kotoba.lang-conformance.control.dotimes	main.1	SAME	rc=0 	rc=0 
resources.kotoba.lang-conformance.control.if_not_kit	main.1	SAME	rc=0 	rc=0 
resources.kotoba.lang-conformance.control.inc_dec_kit	main.1	SAME	rc=0 	rc=0 
resources.kotoba.lang-conformance.control.let_kit	main.1	SAME	rc=0 	rc=0 
resources.kotoba.lang-conformance.control.loop_countdown_kit	main.1	SAME	rc=0 	rc=0 
resources.kotoba.lang-conformance.control.loop_deep_kit	main.1	SAME	rc=0 	rc=0 
resources.kotoba.lang-conformance.control.loop_sum_kit	main.1	SAME	rc=0 	rc=0 
resources.kotoba.lang-conformance.control.nested_fn_kit	main.1	SAME	rc=0 	rc=0 
resources.kotoba.lang-conformance.control.pred_kit	main.1	SAME	rc=0 	rc=0 
resources.kotoba.lang-conformance.control.quot_bitnot_kit	main.1	SAME	rc=0 	rc=0 
resources.kotoba.lang-conformance.control.shift_kit	main.1	SAME	rc=0 	rc=0 
resources.kotoba.lang-conformance.control.shift_right_kit	main.1	SAME	rc=0 	rc=0 
resources.kotoba.lang-conformance.control.string_join_kit	main.1	SAME	rc=0 	rc=0 
resources.kotoba.lang-conformance.control.thread_kit	main.1	SAME	rc=0 	rc=0 
resources.kotoba.lang-conformance.control.true_lit_kit	main.1	SAME	rc=0 	rc=0 
resources.kotoba.lang-conformance.control.when_cond_kit	main.1	SAME	rc=0 	rc=0 
resources.kotoba.lang-conformance.control.when_ext_kit	main.1	SAME	rc=0 	rc=0 
resources.kotoba.lang-conformance.control.when_let_u64_kit	main.1	SAME	rc=0 	rc=0 
resources.kotoba.lang-conformance.native.f64_add	main.1	SAME	rc=0 	rc=0 
resources.kotoba.lang-conformance.native.i32_probe	main.1	SAME	rc=0 	rc=0 
resources.kotoba.lang-conformance.native.i64_add	main.1	SAME	rc=0 	rc=0 
resources.kotoba.lang-conformance.native.i64_nested	main.1	SAME	rc=0 	rc=0 
resources.kotoba.lang-conformance.native.option_if_some	main.1	SAME	rc=0 	rc=0 
resources.kotoba.lang-conformance.native.step_fold_classify	step.1	SAME	rc=0 	rc=0 
resources.kotoba.lang-conformance.native.step_fold_classify	step.2	SAME	rc=0 	rc=0 
resources.kotoba.lang-conformance.native.step_fold_classify	step.3	SAME	rc=0 	rc=0 
resources.kotoba.lang-conformance.native.step_fold_classify	step.4	SAME	rc=0 	rc=0 
resources.kotoba.lang-conformance.native.step_fold_classify	step.5	SAME	rc=0 	rc=0 
resources.kotoba.lang-conformance.native.step_fold_classify	main.1	SAME	rc=0 	rc=0 
resources.kotoba.lang-conformance.native.string_concat_len	main.1	SAME	rc=0 	rc=0 
resources.kotoba.lang-conformance.native.string_length	main.1	SAME	rc=0 	rc=0 
resources.kotoba.lang-conformance.native.vector_assoc_at	main.1	SAME	rc=0 	rc=0 
resources.kotoba.lang-conformance.native.vector_assoc_preserves_source	main.1	SAME	rc=0 	rc=0 
resources.kotoba.lang-conformance.native.vector_at	main.1	SAME	rc=0 	rc=0 
resources.kotoba.lang-conformance.native.vector_conj_at	main.1	SAME	rc=0 	rc=0 
resources.kotoba.lang-conformance.native.vector_count	main.1	SAME	rc=0 	rc=0 
resources.kotoba.lang-conformance.native.vector_drop_count	main.1	SAME	rc=0 	rc=0 
resources.kotoba.lang-conformance.native.vector_get_fallback	main.1	SAME	rc=0 	rc=0 
seed.tests.conformance.abort.throw_try_one_function	main.1	SAME	rc=0 	rc=0 
seed.tests.conformance.collections.vector	main.1	SAME	rc=0 	rc=0 
seed.tests.conformance.control.assert	main.1	SAME	rc=0 	rc=0 
seed.tests.conformance.control.condp	main.1	SAME	rc=0 	rc=0 
seed.tests.conformance.control.dotimes	main.1	SAME	rc=0 	rc=0 
seed.tests.conformance.functions.callable_contracts	apply-one.1	SAME	rc=120 KEXE_TRAP {:kind :signal :signal :SIGILL}	rc=120 KEXE_TRAP {:kind :signal :signal :SIGILL}
seed.tests.conformance.functions.callable_contracts	apply-one.2	SAME	rc=120 KEXE_TRAP {:kind :signal :signal :SIGILL}	rc=120 KEXE_TRAP {:kind :signal :signal :SIGILL}
seed.tests.conformance.functions.callable_contracts	apply-one.3	SAME	rc=120 KEXE_TRAP {:kind :signal :signal :SIGILL}	rc=120 KEXE_TRAP {:kind :signal :signal :SIGILL}
seed.tests.conformance.functions.callable_contracts	apply-one.4	SAME	rc=120 KEXE_TRAP {:kind :signal :signal :SIGILL}	rc=120 KEXE_TRAP {:kind :signal :signal :SIGILL}
seed.tests.conformance.functions.callable_contracts	apply-one.5	SAME	rc=120 KEXE_TRAP {:kind :signal :signal :SIGILL}	rc=120 KEXE_TRAP {:kind :signal :signal :SIGILL}
seed.tests.conformance.functions.callable_contracts	make-renderer.1	SAME	rc=0 	rc=0 
seed.tests.conformance.functions.callable_contracts	main.1	SAME	rc=0 	rc=0 
seed.tests.conformance.functions.closure_list_result	main.1	SAME	rc=0 	rc=0 
seed.tests.conformance.functions.closures	make-adder.1	DIFF	rc=0 	rc=0 
seed.tests.conformance.functions.closures	make-adder.2	DIFF	rc=0 	rc=0 
seed.tests.conformance.functions.closures	make-adder.3	DIFF	rc=0 	rc=0 
seed.tests.conformance.functions.closures	make-adder.4	DIFF	rc=0 	rc=0 
seed.tests.conformance.functions.closures	make-adder.5	DIFF	rc=0 	rc=0 
seed.tests.conformance.functions.closures	add.1	SAME	rc=0 	rc=0 
seed.tests.conformance.functions.closures	add.2	SAME	rc=0 	rc=0 
seed.tests.conformance.functions.closures	add.3	SAME	rc=0 	rc=0 
seed.tests.conformance.functions.closures	add.4	SAME	rc=0 	rc=0 
seed.tests.conformance.functions.closures	add.5	SAME	rc=0 	rc=0 
seed.tests.conformance.functions.closures	apply-one.1	SAME	rc=120 KEXE_TRAP {:kind :signal :signal :SIGILL}	rc=120 KEXE_TRAP {:kind :signal :signal :SIGILL}
seed.tests.conformance.functions.closures	apply-one.2	SAME	rc=120 KEXE_TRAP {:kind :signal :signal :SIGILL}	rc=120 KEXE_TRAP {:kind :signal :signal :SIGILL}
seed.tests.conformance.functions.closures	apply-one.3	SAME	rc=120 KEXE_TRAP {:kind :signal :signal :SIGILL}	rc=120 KEXE_TRAP {:kind :signal :signal :SIGILL}
seed.tests.conformance.functions.closures	apply-one.4	SAME	rc=120 KEXE_TRAP {:kind :signal :signal :SIGILL}	rc=120 KEXE_TRAP {:kind :signal :signal :SIGILL}
seed.tests.conformance.functions.closures	apply-one.5	SAME	rc=120 KEXE_TRAP {:kind :signal :signal :SIGILL}	rc=120 KEXE_TRAP {:kind :signal :signal :SIGILL}
seed.tests.conformance.functions.closures	identity-closure.1	SAME	rc=0 	rc=0 
seed.tests.conformance.functions.closures	identity-closure.2	SAME	rc=0 	rc=0 
seed.tests.conformance.functions.closures	identity-closure.3	SAME	rc=0 	rc=0 
seed.tests.conformance.functions.closures	identity-closure.4	SAME	rc=0 	rc=0 
seed.tests.conformance.functions.closures	identity-closure.5	SAME	rc=0 	rc=0 
seed.tests.conformance.functions.closures	wrap-closure.1	DIFF	rc=0 	rc=0 
seed.tests.conformance.functions.closures	wrap-closure.2	DIFF	rc=0 	rc=0 
seed.tests.conformance.functions.closures	wrap-closure.3	DIFF	rc=0 	rc=0 
seed.tests.conformance.functions.closures	wrap-closure.4	DIFF	rc=0 	rc=0 
seed.tests.conformance.functions.closures	wrap-closure.5	DIFF	rc=0 	rc=0 
seed.tests.conformance.functions.closures	main.1	SAME	rc=0 	rc=0 
seed.tests.conformance.functions.contextual_invoke	main.1	SAME	rc=0 	rc=0 
seed.tests.conformance.local-state.atom_through_an_if	main.1	SAME	rc=0 	rc=0 
seed.tests.conformance.local-state.counter_in_a_let	main.1	SAME	rc=0 	rc=0 
seed.tests.conformance.local-state.swap_with_extra_arguments	main.1	SAME	rc=0 	rc=0 
seed.tests.conformance.state.branch_join	main.1	SAME	rc=0 	rc=0 
seed.tests.conformance.state.ceiling_declares_state	main.1	SAME	rc=0 	rc=0 
seed.tests.conformance.state.counter	main.1	SAME	rc=0 	rc=0 
seed.tests.conformance.state.handler_logic	main.1	SAME	rc=0 	rc=0 
seed.tests.conformance.state.inline_operations	main.1	SAME	rc=0 	rc=0 
seed.tests.conformance.state.loop_accumulator	main.1	SAME	rc=0 	rc=0 
seed.tests.conformance.state.nested_handlers	main.1	SAME	rc=0 	rc=0 
seed.tests.conformance.state.two_state_types	main.1	SAME	rc=0 	rc=0 
seed.tests.conformance.stdlib.i64_set	set-empty.1	SAME	rc=0 	rc=0 
seed.tests.conformance.stdlib.i64_set	set-valid?.1	SAME	rc=0 	rc=0 
seed.tests.conformance.stdlib.i64_set	set-valid?.2	SAME	rc=120 KEXE_TRAP {:kind :signal :signal :SIGILL}	rc=120 KEXE_TRAP {:kind :signal :signal :SIGILL}
seed.tests.conformance.stdlib.i64_set	set-valid?.3	SAME	rc=120 KEXE_TRAP {:kind :signal :signal :SIGILL}	rc=120 KEXE_TRAP {:kind :signal :signal :SIGILL}
seed.tests.conformance.stdlib.i64_set	set-valid?.4	SAME	rc=120 KEXE_TRAP {:kind :signal :signal :SIGILL}	rc=120 KEXE_TRAP {:kind :signal :signal :SIGILL}
seed.tests.conformance.stdlib.i64_set	set-valid?.5	SAME	rc=120 KEXE_TRAP {:kind :signal :signal :SIGILL}	rc=120 KEXE_TRAP {:kind :signal :signal :SIGILL}
seed.tests.conformance.stdlib.i64_set	set-from-chain.1	SAME	rc=0 	rc=0 
seed.tests.conformance.stdlib.i64_set	set-from-chain.2	SAME	rc=120 KEXE_TRAP {:kind :signal :signal :SIGILL}	rc=120 KEXE_TRAP {:kind :signal :signal :SIGILL}
seed.tests.conformance.stdlib.i64_set	set-from-chain.3	SAME	rc=120 KEXE_TRAP {:kind :signal :signal :SIGILL}	rc=120 KEXE_TRAP {:kind :signal :signal :SIGILL}
seed.tests.conformance.stdlib.i64_set	set-from-chain.4	SAME	rc=120 KEXE_TRAP {:kind :signal :signal :SIGILL}	rc=120 KEXE_TRAP {:kind :signal :signal :SIGILL}
seed.tests.conformance.stdlib.i64_set	set-from-chain.5	SAME	rc=120 KEXE_TRAP {:kind :signal :signal :SIGILL}	rc=120 KEXE_TRAP {:kind :signal :signal :SIGILL}
seed.tests.conformance.stdlib.i64_set	set-contains?.1	SAME	rc=0 	rc=0 
seed.tests.conformance.stdlib.i64_set	set-contains?.2	SAME	rc=120 KEXE_TRAP {:kind :signal :signal :SIGILL}	rc=120 KEXE_TRAP {:kind :signal :signal :SIGILL}
seed.tests.conformance.stdlib.i64_set	set-contains?.3	SAME	rc=120 KEXE_TRAP {:kind :signal :signal :SIGILL}	rc=120 KEXE_TRAP {:kind :signal :signal :SIGILL}
seed.tests.conformance.stdlib.i64_set	set-contains?.4	SAME	rc=120 KEXE_TRAP {:kind :signal :signal :SIGILL}	rc=120 KEXE_TRAP {:kind :signal :signal :SIGILL}
seed.tests.conformance.stdlib.i64_set	set-contains?.5	SAME	rc=120 KEXE_TRAP {:kind :signal :signal :SIGILL}	rc=120 KEXE_TRAP {:kind :signal :signal :SIGILL}
seed.tests.conformance.stdlib.i64_set	set-count.1	SAME	rc=0 	rc=0 
seed.tests.conformance.stdlib.i64_set	set-count.2	SAME	rc=120 KEXE_TRAP {:kind :signal :signal :SIGILL}	rc=120 KEXE_TRAP {:kind :signal :signal :SIGILL}
seed.tests.conformance.stdlib.i64_set	set-count.3	SAME	rc=120 KEXE_TRAP {:kind :signal :signal :SIGILL}	rc=120 KEXE_TRAP {:kind :signal :signal :SIGILL}
seed.tests.conformance.stdlib.i64_set	set-count.4	SAME	rc=120 KEXE_TRAP {:kind :signal :signal :SIGILL}	rc=120 KEXE_TRAP {:kind :signal :signal :SIGILL}
seed.tests.conformance.stdlib.i64_set	set-count.5	SAME	rc=120 KEXE_TRAP {:kind :signal :signal :SIGILL}	rc=120 KEXE_TRAP {:kind :signal :signal :SIGILL}
seed.tests.conformance.stdlib.i64_set	set-to-chain.1	SAME	rc=0 	rc=0 
seed.tests.conformance.stdlib.i64_set	set-to-chain.2	SAME	rc=0 	rc=0 
seed.tests.conformance.stdlib.i64_set	set-to-chain.3	SAME	rc=0 	rc=0 
seed.tests.conformance.stdlib.i64_set	set-to-chain.4	SAME	rc=0 	rc=0 
seed.tests.conformance.stdlib.i64_set	set-to-chain.5	SAME	rc=0 	rc=0 
seed.tests.conformance.stdlib.i64_set	set-union.1	SAME	rc=0 	rc=0 
seed.tests.conformance.stdlib.i64_set	set-union.2	SAME	rc=120 KEXE_TRAP {:kind :signal :signal :SIGILL}	rc=120 KEXE_TRAP {:kind :signal :signal :SIGILL}
seed.tests.conformance.stdlib.i64_set	set-union.3	SAME	rc=120 KEXE_TRAP {:kind :signal :signal :SIGILL}	rc=120 KEXE_TRAP {:kind :signal :signal :SIGILL}
seed.tests.conformance.stdlib.i64_set	set-union.4	SAME	rc=120 KEXE_TRAP {:kind :signal :signal :SIGILL}	rc=120 KEXE_TRAP {:kind :signal :signal :SIGILL}
seed.tests.conformance.stdlib.i64_set	set-union.5	SAME	rc=120 KEXE_TRAP {:kind :signal :signal :SIGILL}	rc=120 KEXE_TRAP {:kind :signal :signal :SIGILL}
seed.tests.conformance.stdlib.i64_set	set-intersection.1	SAME	rc=0 	rc=0 
seed.tests.conformance.stdlib.i64_set	set-intersection.2	SAME	rc=120 KEXE_TRAP {:kind :signal :signal :SIGILL}	rc=120 KEXE_TRAP {:kind :signal :signal :SIGILL}
seed.tests.conformance.stdlib.i64_set	set-intersection.3	SAME	rc=120 KEXE_TRAP {:kind :signal :signal :SIGILL}	rc=120 KEXE_TRAP {:kind :signal :signal :SIGILL}
seed.tests.conformance.stdlib.i64_set	set-intersection.4	SAME	rc=120 KEXE_TRAP {:kind :signal :signal :SIGILL}	rc=120 KEXE_TRAP {:kind :signal :signal :SIGILL}
seed.tests.conformance.stdlib.i64_set	set-intersection.5	SAME	rc=120 KEXE_TRAP {:kind :signal :signal :SIGILL}	rc=120 KEXE_TRAP {:kind :signal :signal :SIGILL}
seed.tests.conformance.stdlib.i64_set	set-difference.1	SAME	rc=0 	rc=0 
seed.tests.conformance.stdlib.i64_set	set-difference.2	SAME	rc=120 KEXE_TRAP {:kind :signal :signal :SIGILL}	rc=120 KEXE_TRAP {:kind :signal :signal :SIGILL}
seed.tests.conformance.stdlib.i64_set	set-difference.3	SAME	rc=120 KEXE_TRAP {:kind :signal :signal :SIGILL}	rc=120 KEXE_TRAP {:kind :signal :signal :SIGILL}
seed.tests.conformance.stdlib.i64_set	set-difference.4	SAME	rc=120 KEXE_TRAP {:kind :signal :signal :SIGILL}	rc=120 KEXE_TRAP {:kind :signal :signal :SIGILL}
seed.tests.conformance.stdlib.i64_set	set-difference.5	SAME	rc=120 KEXE_TRAP {:kind :signal :signal :SIGILL}	rc=120 KEXE_TRAP {:kind :signal :signal :SIGILL}
seed.tests.conformance.stdlib.i64_set	set-subset?.1	SAME	rc=0 	rc=0 
seed.tests.conformance.stdlib.i64_set	set-subset?.2	SAME	rc=120 KEXE_TRAP {:kind :signal :signal :SIGILL}	rc=120 KEXE_TRAP {:kind :signal :signal :SIGILL}
seed.tests.conformance.stdlib.i64_set	set-subset?.3	SAME	rc=120 KEXE_TRAP {:kind :signal :signal :SIGILL}	rc=120 KEXE_TRAP {:kind :signal :signal :SIGILL}
seed.tests.conformance.stdlib.i64_set	set-subset?.4	SAME	rc=120 KEXE_TRAP {:kind :signal :signal :SIGILL}	rc=120 KEXE_TRAP {:kind :signal :signal :SIGILL}
seed.tests.conformance.stdlib.i64_set	set-subset?.5	SAME	rc=120 KEXE_TRAP {:kind :signal :signal :SIGILL}	rc=120 KEXE_TRAP {:kind :signal :signal :SIGILL}
seed.tests.conformance.stdlib.i64_set	set-equal?.1	SAME	rc=0 	rc=0 
seed.tests.conformance.stdlib.i64_set	set-equal?.2	SAME	rc=120 KEXE_TRAP {:kind :signal :signal :SIGILL}	rc=120 KEXE_TRAP {:kind :signal :signal :SIGILL}
seed.tests.conformance.stdlib.i64_set	set-equal?.3	SAME	rc=120 KEXE_TRAP {:kind :signal :signal :SIGILL}	rc=120 KEXE_TRAP {:kind :signal :signal :SIGILL}
seed.tests.conformance.stdlib.i64_set	set-equal?.4	SAME	rc=120 KEXE_TRAP {:kind :signal :signal :SIGILL}	rc=120 KEXE_TRAP {:kind :signal :signal :SIGILL}
seed.tests.conformance.stdlib.i64_set	set-equal?.5	SAME	rc=120 KEXE_TRAP {:kind :signal :signal :SIGILL}	rc=120 KEXE_TRAP {:kind :signal :signal :SIGILL}
seed.tests.conformance.stdlib.i64_set	set-disjoint?.1	SAME	rc=0 	rc=0 
seed.tests.conformance.stdlib.i64_set	set-disjoint?.2	SAME	rc=120 KEXE_TRAP {:kind :signal :signal :SIGILL}	rc=120 KEXE_TRAP {:kind :signal :signal :SIGILL}
seed.tests.conformance.stdlib.i64_set	set-disjoint?.3	SAME	rc=120 KEXE_TRAP {:kind :signal :signal :SIGILL}	rc=120 KEXE_TRAP {:kind :signal :signal :SIGILL}
seed.tests.conformance.stdlib.i64_set	set-disjoint?.4	SAME	rc=120 KEXE_TRAP {:kind :signal :signal :SIGILL}	rc=120 KEXE_TRAP {:kind :signal :signal :SIGILL}
seed.tests.conformance.stdlib.i64_set	set-disjoint?.5	SAME	rc=120 KEXE_TRAP {:kind :signal :signal :SIGILL}	rc=120 KEXE_TRAP {:kind :signal :signal :SIGILL}
seed.tests.conformance.stdlib.sorted_map	sm-empty.1	SAME	rc=0 	rc=0 
seed.tests.conformance.stdlib.sorted_map	sm-get.1	SAME	rc=0 	rc=0 
seed.tests.conformance.stdlib.sorted_map	sm-get.2	SAME	rc=120 KEXE_TRAP {:kind :signal :signal :SIGILL}	rc=120 KEXE_TRAP {:kind :signal :signal :SIGILL}
seed.tests.conformance.stdlib.sorted_map	sm-get.3	SAME	rc=120 KEXE_TRAP {:kind :signal :signal :SIGILL}	rc=120 KEXE_TRAP {:kind :signal :signal :SIGILL}
seed.tests.conformance.stdlib.sorted_map	sm-get.4	SAME	rc=120 KEXE_TRAP {:kind :signal :signal :SIGILL}	rc=120 KEXE_TRAP {:kind :signal :signal :SIGILL}
seed.tests.conformance.stdlib.sorted_map	sm-get.5	SAME	rc=120 KEXE_TRAP {:kind :signal :signal :SIGILL}	rc=120 KEXE_TRAP {:kind :signal :signal :SIGILL}
seed.tests.conformance.stdlib.sorted_map	sm-contains?.1	SAME	rc=0 	rc=0 
seed.tests.conformance.stdlib.sorted_map	sm-contains?.2	SAME	rc=120 KEXE_TRAP {:kind :signal :signal :SIGILL}	rc=120 KEXE_TRAP {:kind :signal :signal :SIGILL}
seed.tests.conformance.stdlib.sorted_map	sm-contains?.3	SAME	rc=120 KEXE_TRAP {:kind :signal :signal :SIGILL}	rc=120 KEXE_TRAP {:kind :signal :signal :SIGILL}
seed.tests.conformance.stdlib.sorted_map	sm-contains?.4	SAME	rc=120 KEXE_TRAP {:kind :signal :signal :SIGILL}	rc=120 KEXE_TRAP {:kind :signal :signal :SIGILL}
seed.tests.conformance.stdlib.sorted_map	sm-contains?.5	SAME	rc=120 KEXE_TRAP {:kind :signal :signal :SIGILL}	rc=120 KEXE_TRAP {:kind :signal :signal :SIGILL}
seed.tests.conformance.stdlib.sorted_map	sm-assoc.1	SAME	rc=0 	rc=0 
seed.tests.conformance.stdlib.sorted_map	sm-assoc.2	SAME	rc=120 KEXE_TRAP {:kind :signal :signal :SIGILL}	rc=120 KEXE_TRAP {:kind :signal :signal :SIGILL}
seed.tests.conformance.stdlib.sorted_map	sm-assoc.3	SAME	rc=120 KEXE_TRAP {:kind :signal :signal :SIGILL}	rc=120 KEXE_TRAP {:kind :signal :signal :SIGILL}
seed.tests.conformance.stdlib.sorted_map	sm-assoc.4	SAME	rc=120 KEXE_TRAP {:kind :signal :signal :SIGILL}	rc=120 KEXE_TRAP {:kind :signal :signal :SIGILL}
seed.tests.conformance.stdlib.sorted_map	sm-assoc.5	SAME	rc=120 KEXE_TRAP {:kind :signal :signal :SIGILL}	rc=120 KEXE_TRAP {:kind :signal :signal :SIGILL}
seed.tests.conformance.stdlib.sorted_map	sm-dissoc.1	SAME	rc=0 	rc=0 
seed.tests.conformance.stdlib.sorted_map	sm-dissoc.2	SAME	rc=120 KEXE_TRAP {:kind :signal :signal :SIGILL}	rc=120 KEXE_TRAP {:kind :signal :signal :SIGILL}
seed.tests.conformance.stdlib.sorted_map	sm-dissoc.3	SAME	rc=120 KEXE_TRAP {:kind :signal :signal :SIGILL}	rc=120 KEXE_TRAP {:kind :signal :signal :SIGILL}
seed.tests.conformance.stdlib.sorted_map	sm-dissoc.4	SAME	rc=120 KEXE_TRAP {:kind :signal :signal :SIGILL}	rc=120 KEXE_TRAP {:kind :signal :signal :SIGILL}
seed.tests.conformance.stdlib.sorted_map	sm-dissoc.5	SAME	rc=120 KEXE_TRAP {:kind :signal :signal :SIGILL}	rc=120 KEXE_TRAP {:kind :signal :signal :SIGILL}
seed.tests.conformance.stdlib.sorted_map	sm-count.1	SAME	rc=0 	rc=0 
seed.tests.conformance.stdlib.sorted_map	sm-count.2	SAME	rc=120 KEXE_TRAP {:kind :signal :signal :SIGILL}	rc=120 KEXE_TRAP {:kind :signal :signal :SIGILL}
seed.tests.conformance.stdlib.sorted_map	sm-count.3	SAME	rc=120 KEXE_TRAP {:kind :signal :signal :SIGILL}	rc=120 KEXE_TRAP {:kind :signal :signal :SIGILL}
seed.tests.conformance.stdlib.sorted_map	sm-count.4	SAME	rc=120 KEXE_TRAP {:kind :signal :signal :SIGILL}	rc=120 KEXE_TRAP {:kind :signal :signal :SIGILL}
seed.tests.conformance.stdlib.sorted_map	sm-count.5	SAME	rc=120 KEXE_TRAP {:kind :signal :signal :SIGILL}	rc=120 KEXE_TRAP {:kind :signal :signal :SIGILL}
seed.tests.conformance.stdlib.sorted_map	sm-keys.1	SAME	rc=0 	rc=0 
seed.tests.conformance.stdlib.sorted_map	sm-keys.2	SAME	rc=120 KEXE_TRAP {:kind :signal :signal :SIGILL}	rc=120 KEXE_TRAP {:kind :signal :signal :SIGILL}
seed.tests.conformance.stdlib.sorted_map	sm-keys.3	SAME	rc=120 KEXE_TRAP {:kind :signal :signal :SIGILL}	rc=120 KEXE_TRAP {:kind :signal :signal :SIGILL}
seed.tests.conformance.stdlib.sorted_map	sm-keys.4	SAME	rc=120 KEXE_TRAP {:kind :signal :signal :SIGILL}	rc=120 KEXE_TRAP {:kind :signal :signal :SIGILL}
seed.tests.conformance.stdlib.sorted_map	sm-keys.5	SAME	rc=120 KEXE_TRAP {:kind :signal :signal :SIGILL}	rc=120 KEXE_TRAP {:kind :signal :signal :SIGILL}
seed.tests.conformance.stdlib.sorted_map	sm-vals.1	SAME	rc=0 	rc=0 
seed.tests.conformance.stdlib.sorted_map	sm-vals.2	SAME	rc=120 KEXE_TRAP {:kind :signal :signal :SIGILL}	rc=120 KEXE_TRAP {:kind :signal :signal :SIGILL}
seed.tests.conformance.stdlib.sorted_map	sm-vals.3	SAME	rc=120 KEXE_TRAP {:kind :signal :signal :SIGILL}	rc=120 KEXE_TRAP {:kind :signal :signal :SIGILL}
seed.tests.conformance.stdlib.sorted_map	sm-vals.4	SAME	rc=120 KEXE_TRAP {:kind :signal :signal :SIGILL}	rc=120 KEXE_TRAP {:kind :signal :signal :SIGILL}
seed.tests.conformance.stdlib.sorted_map	sm-vals.5	SAME	rc=120 KEXE_TRAP {:kind :signal :signal :SIGILL}	rc=120 KEXE_TRAP {:kind :signal :signal :SIGILL}
seed.tests.conformance.stdlib.sorted_map	sm-reduce.1	SAME	rc=0 	rc=0 
seed.tests.conformance.stdlib.sorted_map	sm-reduce.2	SAME	rc=120 KEXE_TRAP {:kind :signal :signal :SIGILL}	rc=120 KEXE_TRAP {:kind :signal :signal :SIGILL}
seed.tests.conformance.stdlib.sorted_map	sm-reduce.3	SAME	rc=120 KEXE_TRAP {:kind :signal :signal :SIGILL}	rc=120 KEXE_TRAP {:kind :signal :signal :SIGILL}
seed.tests.conformance.stdlib.sorted_map	sm-reduce.4	SAME	rc=120 KEXE_TRAP {:kind :signal :signal :SIGILL}	rc=120 KEXE_TRAP {:kind :signal :signal :SIGILL}
seed.tests.conformance.stdlib.sorted_map	sm-reduce.5	SAME	rc=120 KEXE_TRAP {:kind :signal :signal :SIGILL}	rc=120 KEXE_TRAP {:kind :signal :signal :SIGILL}
seed.tests.conformance.stdlib.sorted_map	sm-min-key.1	SAME	rc=0 	rc=0 
seed.tests.conformance.stdlib.sorted_map	sm-min-key.2	SAME	rc=120 KEXE_TRAP {:kind :signal :signal :SIGILL}	rc=120 KEXE_TRAP {:kind :signal :signal :SIGILL}
seed.tests.conformance.stdlib.sorted_map	sm-min-key.3	SAME	rc=120 KEXE_TRAP {:kind :signal :signal :SIGILL}	rc=120 KEXE_TRAP {:kind :signal :signal :SIGILL}
seed.tests.conformance.stdlib.sorted_map	sm-min-key.4	SAME	rc=120 KEXE_TRAP {:kind :signal :signal :SIGILL}	rc=120 KEXE_TRAP {:kind :signal :signal :SIGILL}
seed.tests.conformance.stdlib.sorted_map	sm-min-key.5	SAME	rc=120 KEXE_TRAP {:kind :signal :signal :SIGILL}	rc=120 KEXE_TRAP {:kind :signal :signal :SIGILL}
seed.tests.conformance.stdlib.sorted_map	sm-max-key.1	SAME	rc=0 	rc=0 
seed.tests.conformance.stdlib.sorted_map	sm-max-key.2	SAME	rc=120 KEXE_TRAP {:kind :signal :signal :SIGILL}	rc=120 KEXE_TRAP {:kind :signal :signal :SIGILL}
seed.tests.conformance.stdlib.sorted_map	sm-max-key.3	SAME	rc=120 KEXE_TRAP {:kind :signal :signal :SIGILL}	rc=120 KEXE_TRAP {:kind :signal :signal :SIGILL}
seed.tests.conformance.stdlib.sorted_map	sm-max-key.4	SAME	rc=120 KEXE_TRAP {:kind :signal :signal :SIGILL}	rc=120 KEXE_TRAP {:kind :signal :signal :SIGILL}
seed.tests.conformance.stdlib.sorted_map	sm-max-key.5	SAME	rc=120 KEXE_TRAP {:kind :signal :signal :SIGILL}	rc=120 KEXE_TRAP {:kind :signal :signal :SIGILL}
examples.aiueos-probe	main.1	SAME	rc=0 	rc=0 
examples.approval-queue-app	init.1	SAME	rc=0 	rc=0 
examples.approval-queue-app	step.1	SAME	rc=0 	rc=0 
examples.approval-queue-app	step.2	SAME	rc=0 	rc=0 
examples.approval-queue-app	step.3	SAME	rc=0 	rc=0 
examples.approval-queue-app	step.4	SAME	rc=0 	rc=0 
examples.approval-queue-app	step.5	SAME	rc=0 	rc=0 
examples.approval-queue-app	view.1	SAME	rc=0 	rc=0 
examples.approval-queue-app	view.2	SAME	rc=0 	rc=0 
examples.approval-queue-app	view.3	SAME	rc=0 	rc=0 
examples.approval-queue-app	view.4	SAME	rc=0 	rc=0 
examples.approval-queue-app	view.5	SAME	rc=0 	rc=0 
examples.arena-scope	step.1	SAME	rc=0 	rc=0 
examples.arena-scope	step.2	SAME	rc=0 	rc=0 
examples.arena-scope	step.3	SAME	rc=0 	rc=0 
examples.arena-scope	step.4	SAME	rc=0 	rc=0 
examples.arena-scope	step.5	SAME	rc=0 	rc=0 
examples.arena-scope	scoped-from.1	SAME	rc=0 	rc=0 
examples.arena-scope	scoped-from.2	SAME	rc=0 	rc=0 
examples.arena-scope	scoped-from.3	SAME	rc=0 	rc=0 
examples.arena-scope	scoped-from.4	SAME	rc=0 	rc=0 
examples.arena-scope	scoped-from.5	SAME	rc=0 	rc=0 
examples.arena-scope	unscoped-from.1	SAME	rc=0 	rc=0 
examples.arena-scope	unscoped-from.2	SAME	rc=0 	rc=0 
examples.arena-scope	unscoped-from.3	SAME	rc=0 	rc=0 
examples.arena-scope	unscoped-from.4	SAME	rc=0 	rc=0 
examples.arena-scope	unscoped-from.5	SAME	rc=0 	rc=0 
examples.arena-scope	scoped.1	SAME	rc=0 	rc=0 
examples.arena-scope	scoped.2	SAME	rc=0 	rc=0 
examples.arena-scope	scoped.3	SAME	rc=0 	rc=0 
examples.arena-scope	scoped.4	SAME	rc=0 	rc=0 
examples.arena-scope	scoped.5	SAME	rc=0 	rc=0 
examples.arena-scope	unscoped.1	SAME	rc=0 	rc=0 
examples.arena-scope	unscoped.2	SAME	rc=0 	rc=0 
examples.arena-scope	unscoped.3	SAME	rc=0 	rc=0 
examples.arena-scope	unscoped.4	SAME	rc=0 	rc=0 
examples.arena-scope	unscoped.5	SAME	rc=0 	rc=0 
examples.arena-scope	main.1	SAME	rc=0 	rc=0 
examples.bytes-slots	main.1	SAME	rc=0 	rc=0 
examples.bytes-slots	overlong.1	SAME	rc=120 KEXE_TRAP {:kind :value :reason :utf8/overlong}	rc=120 KEXE_TRAP {:kind :value :reason :utf8/overlong}
examples.bytes-slots	surrogate.1	SAME	rc=120 KEXE_TRAP {:kind :value :reason :utf8/surrogate}	rc=120 KEXE_TRAP {:kind :value :reason :utf8/surrogate}
examples.bytes-slots	not-a-byte.1	SAME	rc=120 KEXE_TRAP {:kind :value :reason :bytes/item-out-of-range}	rc=120 KEXE_TRAP {:kind :value :reason :bytes/item-out-of-range}
examples.bytes-slots	too-large.1	SAME	rc=0 	rc=0 
examples.closure-node	main.1	SAME	rc=0 	rc=0 
examples.cloud-itonami-health-route	health.1	SAME	rc=0 	rc=0 
examples.cloud-itonami-oauth-resource-route	oauth-protected-resource.1	SAME	rc=0 	rc=0 
examples.evm-answer	main.1	SAME	rc=0 	rc=0 
examples.f32-dot-product	scaled.1	SAME	rc=0 	rc=0 
examples.f32-dot-product	scaled.2	SAME	rc=0 	rc=0 
examples.f32-dot-product	scaled.3	SAME	rc=0 	rc=0 
examples.f32-dot-product	scaled.4	SAME	rc=0 	rc=0 
examples.f32-dot-product	scaled.5	SAME	rc=0 	rc=0 
examples.f32-dot-product	fma.1	SAME	rc=0 	rc=0 
examples.f32-dot-product	fma.2	SAME	rc=0 	rc=0 
examples.f32-dot-product	fma.3	SAME	rc=0 	rc=0 
examples.f32-dot-product	fma.4	SAME	rc=0 	rc=0 
examples.f32-dot-product	fma.5	SAME	rc=0 	rc=0 
examples.f32-dot-product	dot2.1	SAME	rc=0 	rc=0 
examples.f32-dot-product	dot2.2	SAME	rc=0 	rc=0 
examples.f32-dot-product	dot2.3	SAME	rc=0 	rc=0 
examples.f32-dot-product	dot2.4	SAME	rc=0 	rc=0 
examples.f32-dot-product	dot2.5	SAME	rc=0 	rc=0 
examples.f32-dot-product	norm3.1	SAME	rc=0 	rc=0 
examples.f32-dot-product	norm3.2	SAME	rc=0 	rc=0 
examples.f32-dot-product	norm3.3	SAME	rc=0 	rc=0 
examples.f32-dot-product	norm3.4	SAME	rc=0 	rc=0 
examples.f32-dot-product	norm3.5	SAME	rc=0 	rc=0 
examples.f32-dot-product	widened.1	SAME	rc=0 	rc=0 
examples.f32-dot-product	widened.2	SAME	rc=0 	rc=0 
examples.f32-dot-product	widened.3	SAME	rc=0 	rc=0 
examples.f32-dot-product	widened.4	SAME	rc=0 	rc=0 
examples.f32-dot-product	widened.5	SAME	rc=0 	rc=0 
examples.f32-dot-product	main.1	SAME	rc=0 	rc=0 
examples.fuel	fact.1	SAME	rc=0 	rc=0 
examples.fuel	fact.2	SAME	rc=0 	rc=0 
examples.fuel	fact.3	SAME	rc=0 	rc=0 
examples.fuel	fact.4	SAME	rc=0 	rc=0 
examples.fuel	fact.5	SAME	rc=0 	rc=0 
examples.fuel	forever.1	SAME	rc=120 KEXE_TRAP {:kind :budget :reason :budget/fuel}	rc=120 KEXE_TRAP {:kind :budget :reason :budget/fuel}
examples.fuel	forever.2	SAME	rc=120 KEXE_TRAP {:kind :budget :reason :budget/fuel}	rc=120 KEXE_TRAP {:kind :budget :reason :budget/fuel}
examples.fuel	forever.3	SAME	rc=120 KEXE_TRAP {:kind :budget :reason :budget/fuel}	rc=120 KEXE_TRAP {:kind :budget :reason :budget/fuel}
examples.fuel	forever.4	SAME	rc=120 KEXE_TRAP {:kind :budget :reason :budget/fuel}	rc=120 KEXE_TRAP {:kind :budget :reason :budget/fuel}
examples.fuel	forever.5	SAME	rc=120 KEXE_TRAP {:kind :budget :reason :budget/fuel}	rc=120 KEXE_TRAP {:kind :budget :reason :budget/fuel}
examples.fuel	main.1	SAME	rc=0 	rc=0 
examples.heap	forged.1	SAME	rc=120 KEXE_TRAP {:kind :signal :signal :SIGILL}	rc=120 KEXE_TRAP {:kind :signal :signal :SIGILL}
examples.heap	forged.2	SAME	rc=120 KEXE_TRAP {:kind :signal :signal :SIGILL}	rc=120 KEXE_TRAP {:kind :signal :signal :SIGILL}
examples.heap	forged.3	SAME	rc=120 KEXE_TRAP {:kind :signal :signal :SIGILL}	rc=120 KEXE_TRAP {:kind :signal :signal :SIGILL}
examples.heap	forged.4	SAME	rc=120 KEXE_TRAP {:kind :signal :signal :SIGILL}	rc=120 KEXE_TRAP {:kind :signal :signal :SIGILL}
examples.heap	forged.5	SAME	rc=120 KEXE_TRAP {:kind :signal :signal :SIGILL}	rc=120 KEXE_TRAP {:kind :signal :signal :SIGILL}
examples.heap	main.1	SAME	rc=0 	rc=0 
examples.held-operations	held-score.1	SAME	rc=0 	rc=0 
examples.http-service-demo	health.1	SAME	rc=0 	rc=0 
examples.http-service-demo	echo.1	SAME	rc=0 	rc=0 
examples.http-service-demo	echo.2	SAME	rc=0 	rc=0 
examples.http-service-demo	echo.3	SAME	rc=0 	rc=0 
examples.http-service-demo	echo.4	SAME	rc=0 	rc=0 
examples.http-service-demo	echo.5	SAME	rc=0 	rc=0 
examples.i64-beyond-double	main.1	SAME	rc=0 	rc=0 
examples.i64-semantics	add.1	SAME	rc=0 	rc=0 
examples.i64-semantics	add.2	SAME	rc=0 	rc=0 
examples.i64-semantics	add.3	SAME	rc=0 	rc=0 
examples.i64-semantics	add.4	SAME	rc=0 	rc=0 
examples.i64-semantics	add.5	SAME	rc=0 	rc=0 
examples.i64-semantics	subtract.1	SAME	rc=0 	rc=0 
examples.i64-semantics	subtract.2	SAME	rc=0 	rc=0 
examples.i64-semantics	subtract.3	SAME	rc=0 	rc=0 
examples.i64-semantics	subtract.4	SAME	rc=0 	rc=0 
examples.i64-semantics	subtract.5	SAME	rc=0 	rc=0 
examples.i64-semantics	multiply.1	SAME	rc=0 	rc=0 
examples.i64-semantics	multiply.2	SAME	rc=0 	rc=0 
examples.i64-semantics	multiply.3	SAME	rc=0 	rc=0 
examples.i64-semantics	multiply.4	SAME	rc=0 	rc=0 
examples.i64-semantics	multiply.5	SAME	rc=0 	rc=0 
examples.i64-semantics	negate.1	SAME	rc=0 	rc=0 
examples.i64-semantics	negate.2	SAME	rc=0 	rc=0 
examples.i64-semantics	negate.3	SAME	rc=0 	rc=0 
examples.i64-semantics	negate.4	SAME	rc=0 	rc=0 
examples.i64-semantics	negate.5	SAME	rc=0 	rc=0 
examples.i64-semantics	choose.1	SAME	rc=0 	rc=0 
examples.i64-semantics	choose.2	SAME	rc=0 	rc=0 
examples.i64-semantics	choose.3	SAME	rc=0 	rc=0 
examples.i64-semantics	choose.4	SAME	rc=0 	rc=0 
examples.i64-semantics	choose.5	SAME	rc=0 	rc=0 
examples.i64-semantics	divide.1	SAME	rc=120 KEXE_TRAP {:kind :signal :signal :SIGTRAP}	rc=120 KEXE_TRAP {:kind :signal :signal :SIGTRAP}
examples.i64-semantics	divide.2	SAME	rc=0 	rc=0 
examples.i64-semantics	divide.3	SAME	rc=0 	rc=0 
examples.i64-semantics	divide.4	SAME	rc=0 	rc=0 
examples.i64-semantics	divide.5	SAME	rc=0 	rc=0 
examples.i64-semantics	main.1	SAME	rc=0 	rc=0 
examples.i64-shift	mixed.1	SAME	rc=0 	rc=0 
examples.i64-shift	mixed.2	SAME	rc=0 	rc=0 
examples.i64-shift	mixed.3	SAME	rc=0 	rc=0 
examples.i64-shift	mixed.4	SAME	rc=0 	rc=0 
examples.i64-shift	mixed.5	SAME	rc=0 	rc=0 
examples.i64-shift	main.1	SAME	rc=0 	rc=0 
examples.inline-handles	main.1	SAME	rc=0 	rc=0 
examples.inline-handles	sum-at.1	SAME	rc=0 	rc=0 
examples.inline-handles	sum-at.2	SAME	rc=0 	rc=0 
examples.inline-handles	sum-at.3	SAME	rc=0 	rc=0 
examples.inline-handles	sum-at.4	SAME	rc=120 KEXE_TRAP {:kind :signal :signal :SIGILL}	rc=120 KEXE_TRAP {:kind :signal :signal :SIGILL}
examples.inline-handles	sum-at.5	SAME	rc=120 KEXE_TRAP {:kind :signal :signal :SIGILL}	rc=120 KEXE_TRAP {:kind :signal :signal :SIGILL}
examples.inline-handles	oob.1	SAME	rc=120 KEXE_TRAP {:kind :signal :signal :SIGILL}	rc=120 KEXE_TRAP {:kind :signal :signal :SIGILL}
examples.inline-handles	byte-length-of.1	SAME	rc=0 	rc=0 
examples.inline-handles	byte-length-of.2	SAME	rc=0 	rc=0 
examples.inline-handles	byte-length-of.3	SAME	rc=0 	rc=0 
examples.inline-handles	byte-length-of.4	SAME	rc=120 KEXE_TRAP {:kind :signal :signal :SIGILL}	rc=120 KEXE_TRAP {:kind :signal :signal :SIGILL}
examples.inline-handles	byte-length-of.5	SAME	rc=120 KEXE_TRAP {:kind :signal :signal :SIGILL}	rc=120 KEXE_TRAP {:kind :signal :signal :SIGILL}
examples.line-slots	main.1	SAME	rc=0 	rc=0 
examples.many-constants	many-constants.1	SAME	rc=0 	rc=0 
examples.many-constants	many-constants.2	SAME	rc=0 	rc=0 
examples.many-constants	many-constants.3	SAME	rc=0 	rc=0 
examples.many-constants	many-constants.4	SAME	rc=0 	rc=0 
examples.many-constants	many-constants.5	SAME	rc=0 	rc=0 
examples.many-constants	main.1	SAME	rc=0 	rc=0 
examples.nested-record	nested-score.1	SAME	rc=0 	rc=0 
examples.range-slots	main.1	SAME	rc=0 	rc=0 
examples.range-slots	bad-byte.1	SAME	rc=120 KEXE_TRAP {:kind :signal :signal :SIGILL}	rc=120 KEXE_TRAP {:kind :signal :signal :SIGTRAP}
examples.recursive-generic	main.1	SAME	rc=0 	rc=0 
examples.recursive-tree	main.1	SAME	rc=0 	rc=0 
examples.recursive-tree	sample-sum.1	SAME	rc=0 	rc=0 
examples.recursive-tree	replaced-sum.1	SAME	rc=0 	rc=0 
examples.recursive-tree	same.1	SAME	rc=0 	rc=0 
examples.recursive-tree	diff.1	SAME	rc=0 	rc=0 
examples.string-index-of	main.1	SAME	rc=0 	rc=0 
examples.structured	abs.1	SAME	rc=0 	rc=0 
examples.structured	abs.2	SAME	rc=0 	rc=0 
examples.structured	abs.3	SAME	rc=0 	rc=0 
examples.structured	abs.4	SAME	rc=0 	rc=0 
examples.structured	abs.5	SAME	rc=0 	rc=0 
examples.structured	score.1	SAME	rc=0 	rc=0 
examples.structured	score.2	SAME	rc=0 	rc=0 
examples.structured	score.3	SAME	rc=0 	rc=0 
examples.structured	score.4	SAME	rc=0 	rc=0 
examples.structured	score.5	SAME	rc=0 	rc=0 
examples.structured	calc.1	SAME	rc=120 KEXE_TRAP {:kind :signal :signal :SIGTRAP}	rc=120 KEXE_TRAP {:kind :signal :signal :SIGTRAP}
examples.structured	calc.2	SAME	rc=0 	rc=0 
examples.structured	calc.3	SAME	rc=0 	rc=0 
examples.structured	calc.4	SAME	rc=0 	rc=0 
examples.structured	calc.5	SAME	rc=0 	rc=0 
examples.structured	relations.1	SAME	rc=0 	rc=0 
examples.structured	relations.2	SAME	rc=0 	rc=0 
examples.structured	relations.3	SAME	rc=0 	rc=0 
examples.structured	relations.4	SAME	rc=0 	rc=0 
examples.structured	relations.5	SAME	rc=0 	rc=0 
examples.structured	main.1	SAME	rc=0 	rc=0 
examples.tail-append	build.1	SAME	rc=0 	rc=0 
examples.tail-append	build.2	SAME	rc=0 	rc=0 
examples.tail-append	build.3	SAME	rc=0 	rc=0 
examples.tail-append	build.4	SAME	rc=0 	rc=0 
examples.tail-append	build.5	SAME	rc=0 	rc=0 
examples.tail-append	appended.1	SAME	rc=0 	rc=0 
examples.tail-append	appended.2	SAME	rc=0 	rc=0 
examples.tail-append	appended.3	SAME	rc=0 	rc=0 
examples.tail-append	appended.4	SAME	rc=0 	rc=0 
examples.tail-append	appended.5	SAME	rc=0 	rc=0 
examples.tail-append	main.1	SAME	rc=0 	rc=0 
examples.text-slots	main.1	SAME	rc=0 	rc=0 
examples.vector-alloc-limit	alloc-count.1	SAME	rc=0 	rc=0 
examples.vector-alloc-limit	alloc-count.2	SAME	rc=0 	rc=0 
examples.vector-alloc-limit	alloc-count.3	SAME	rc=0 	rc=0 
examples.vector-alloc-limit	alloc-count.4	SAME	rc=120 KEXE_TRAP {:kind :signal :signal :SIGILL}	rc=120 KEXE_TRAP {:kind :signal :signal :SIGILL}
examples.vector-alloc-limit	alloc-count.5	SAME	rc=0 	rc=0 
examples.vector-alloc-limit	main.1	SAME	rc=0 	rc=0 
examples.w1-pure	double.1	SAME	rc=0 	rc=0 
examples.w1-pure	double.2	SAME	rc=0 	rc=0 
examples.w1-pure	double.3	SAME	rc=0 	rc=0 
examples.w1-pure	double.4	SAME	rc=0 	rc=0 
examples.w1-pure	double.5	SAME	rc=0 	rc=0 
examples.w1-pure	main.1	SAME	rc=0 	rc=0 
test.dual-backend.01-i64-arith	add-small.1	SAME	rc=0 	rc=0 
test.dual-backend.01-i64-arith	add-negative.1	SAME	rc=0 	rc=0 
test.dual-backend.01-i64-arith	sub.1	SAME	rc=0 	rc=0 
test.dual-backend.01-i64-arith	sub-underflow.1	SAME	rc=0 	rc=0 
test.dual-backend.01-i64-arith	mul.1	SAME	rc=0 	rc=0 
test.dual-backend.01-i64-arith	mul-negative.1	SAME	rc=0 	rc=0 
test.dual-backend.01-i64-arith	negate.1	SAME	rc=0 	rc=0 
test.dual-backend.01-i64-arith	quot-exact.1	SAME	rc=0 	rc=0 
test.dual-backend.01-i64-arith	quot-truncating.1	SAME	rc=0 	rc=0 
test.dual-backend.01-i64-arith	quot-negative.1	SAME	rc=0 	rc=0 
test.dual-backend.01-i64-arith	big-add.1	SAME	rc=0 	rc=0 
test.dual-backend.01-i64-arith	main.1	SAME	rc=0 	rc=0 
test.dual-backend.02-compare	eq-true.1	SAME	rc=0 	rc=0 
test.dual-backend.02-compare	eq-false.1	SAME	rc=0 	rc=0 
test.dual-backend.02-compare	eq-negative.1	SAME	rc=0 	rc=0 
test.dual-backend.02-compare	eq-zero-boundary.1	SAME	rc=0 	rc=0 
test.dual-backend.02-compare	lt-true.1	SAME	rc=0 	rc=0 
test.dual-backend.02-compare	lt-false.1	SAME	rc=0 	rc=0 
test.dual-backend.02-compare	lt-equal-boundary.1	SAME	rc=0 	rc=0 
test.dual-backend.02-compare	le-boundary.1	SAME	rc=0 	rc=0 
test.dual-backend.02-compare	gt-true.1	SAME	rc=0 	rc=0 
test.dual-backend.02-compare	gt-equal-boundary.1	SAME	rc=0 	rc=0 
test.dual-backend.02-compare	ge-boundary.1	SAME	rc=0 	rc=0 
test.dual-backend.02-compare	lt-negative.1	SAME	rc=0 	rc=0 
test.dual-backend.02-compare	main.1	SAME	rc=0 	rc=0 
test.dual-backend.03-keyword-eq	kw-same.1	SAME	rc=0 	rc=0 
test.dual-backend.03-keyword-eq	kw-diff.1	SAME	rc=0 	rc=0 
test.dual-backend.03-keyword-eq	kw-prefix.1	SAME	rc=0 	rc=0 
test.dual-backend.03-keyword-eq	kw-branch-same.1	SAME	rc=0 	rc=0 
test.dual-backend.03-keyword-eq	kw-branch-diff.1	SAME	rc=0 	rc=0 
test.dual-backend.03-keyword-eq	main.1	SAME	rc=0 	rc=0 
test.dual-backend.04-bool-logic	and-tt.1	SAME	rc=0 	rc=0 
test.dual-backend.04-bool-logic	and-tf.1	SAME	rc=0 	rc=0 
test.dual-backend.04-bool-logic	or-ft.1	SAME	rc=0 	rc=0 
test.dual-backend.04-bool-logic	or-ff.1	SAME	rc=0 	rc=0 
test.dual-backend.04-bool-logic	not-t.1	SAME	rc=0 	rc=0 
test.dual-backend.04-bool-logic	not-f.1	SAME	rc=0 	rc=0 
test.dual-backend.04-bool-logic	main.1	SAME	rc=0 	rc=0 
test.dual-backend.05-recursion	fact.1	SAME	rc=0 	rc=0 
test.dual-backend.05-recursion	fact.2	SAME	rc=0 	rc=0 
test.dual-backend.05-recursion	fact.3	SAME	rc=0 	rc=0 
test.dual-backend.05-recursion	fact.4	SAME	rc=0 	rc=0 
test.dual-backend.05-recursion	fact.5	SAME	rc=0 	rc=0 
test.dual-backend.05-recursion	fib.1	SAME	rc=0 	rc=0 
test.dual-backend.05-recursion	fib.2	SAME	rc=0 	rc=0 
test.dual-backend.05-recursion	fib.3	SAME	rc=0 	rc=0 
test.dual-backend.05-recursion	fib.4	SAME	rc=0 	rc=0 
test.dual-backend.05-recursion	fib.5	SAME	rc=120 KEXE_TRAP {:kind :budget :reason :budget/fuel}	rc=120 KEXE_TRAP {:kind :budget :reason :budget/fuel}
test.dual-backend.05-recursion	fact-5.1	SAME	rc=0 	rc=0 
test.dual-backend.05-recursion	fact-0.1	SAME	rc=0 	rc=0 
test.dual-backend.05-recursion	fib-10.1	SAME	rc=0 	rc=0 
test.dual-backend.05-recursion	main.1	SAME	rc=0 	rc=0 
test.dual-backend.06-let-loop	let-simple.1	SAME	rc=0 	rc=0 
test.dual-backend.06-let-loop	let-shadow.1	SAME	rc=0 	rc=0 
test.dual-backend.06-let-loop	loop-sum.1	SAME	rc=0 	rc=0 
test.dual-backend.06-let-loop	loop-zero-trip.1	SAME	rc=0 	rc=0 
test.dual-backend.06-let-loop	main.1	SAME	rc=0 	rc=0 
test.dual-backend.07-bitops	shl.1	SAME	rc=0 	rc=0 
test.dual-backend.07-bitops	shr.1	SAME	rc=0 	rc=0 
test.dual-backend.07-bitops	shr-negative.1	SAME	rc=0 	rc=0 
test.dual-backend.07-bitops	shl-zero.1	SAME	rc=0 	rc=0 
test.dual-backend.07-bitops	main.1	SAME	rc=0 	rc=0 
test.dual-backend.08-vector	v-count.1	SAME	rc=0 	rc=0 
test.dual-backend.08-vector	v-nth-0.1	SAME	rc=0 	rc=0 
test.dual-backend.08-vector	v-nth-2.1	SAME	rc=0 	rc=0 
test.dual-backend.08-vector	v-empty-count.1	SAME	rc=0 	rc=0 
test.dual-backend.08-vector	main.1	SAME	rc=0 	rc=0 
test.dual-backend.11-minmax	min-a.1	SAME	rc=0 	rc=0 
test.dual-backend.11-minmax	min-b.1	SAME	rc=0 	rc=0 
test.dual-backend.11-minmax	min-equal.1	SAME	rc=0 	rc=0 
test.dual-backend.11-minmax	max-a.1	SAME	rc=0 	rc=0 
test.dual-backend.11-minmax	max-b.1	SAME	rc=0 	rc=0 
test.dual-backend.11-minmax	min-negative.1	SAME	rc=0 	rc=0 
test.dual-backend.11-minmax	main.1	SAME	rc=0 	rc=0 
test.nbb.fixtures.canonical-list-closure-result	main.1	SAME	rc=0 	rc=0 
test.nbb.fixtures.closure-refinements	make.1	DIFF	rc=0 	rc=0 
test.nbb.fixtures.closure-refinements	make.2	DIFF	rc=0 	rc=0 
test.nbb.fixtures.closure-refinements	make.3	DIFF	rc=0 	rc=0 
test.nbb.fixtures.closure-refinements	make.4	DIFF	rc=0 	rc=0 
test.nbb.fixtures.closure-refinements	make.5	DIFF	rc=0 	rc=0 
test.nbb.fixtures.closure-refinements	apply-one.1	SAME	rc=120 KEXE_TRAP {:kind :signal :signal :SIGILL}	rc=120 KEXE_TRAP {:kind :signal :signal :SIGILL}
test.nbb.fixtures.closure-refinements	apply-one.2	SAME	rc=120 KEXE_TRAP {:kind :signal :signal :SIGILL}	rc=120 KEXE_TRAP {:kind :signal :signal :SIGILL}
test.nbb.fixtures.closure-refinements	apply-one.3	SAME	rc=120 KEXE_TRAP {:kind :signal :signal :SIGILL}	rc=120 KEXE_TRAP {:kind :signal :signal :SIGILL}
test.nbb.fixtures.closure-refinements	apply-one.4	SAME	rc=120 KEXE_TRAP {:kind :signal :signal :SIGILL}	rc=120 KEXE_TRAP {:kind :signal :signal :SIGILL}
test.nbb.fixtures.closure-refinements	apply-one.5	SAME	rc=120 KEXE_TRAP {:kind :signal :signal :SIGILL}	rc=120 KEXE_TRAP {:kind :signal :signal :SIGILL}
test.nbb.fixtures.closure-refinements	identity.1	SAME	rc=0 	rc=0 
test.nbb.fixtures.closure-refinements	identity.2	SAME	rc=0 	rc=0 
test.nbb.fixtures.closure-refinements	identity.3	SAME	rc=0 	rc=0 
test.nbb.fixtures.closure-refinements	identity.4	SAME	rc=0 	rc=0 
test.nbb.fixtures.closure-refinements	identity.5	SAME	rc=0 	rc=0 
test.nbb.fixtures.closure-refinements	main.1	SAME	rc=0 	rc=0 
test.nbb.fixtures.constant-alias	main.1	SAME	rc=0 	rc=0 
test.nbb.fixtures.fs-app-data-read	main.1	SAME	rc=120 KEXE_TRAP {:kind :signal :signal :SIGILL}	rc=120 KEXE_TRAP {:kind :signal :signal :SIGILL}
test.nbb.fixtures.i32-profile	main.1	SAME	rc=0 	rc=0 
test.nbb.fixtures.i32-profile	hash-step.1	SAME	rc=0 	rc=0 
test.nbb.fixtures.i32-profile	hash-step.2	SAME	rc=0 	rc=0 
test.nbb.fixtures.i32-profile	hash-step.3	SAME	rc=0 	rc=0 
test.nbb.fixtures.i32-profile	hash-step.4	SAME	rc=0 	rc=0 
test.nbb.fixtures.i32-profile	hash-step.5	SAME	rc=0 	rc=0 
test.nbb.fixtures.i64-add-wraparound	f.1	SAME	rc=0 	rc=0 
test.nbb.fixtures.i64-add-wraparound	f.2	SAME	rc=0 	rc=0 
test.nbb.fixtures.i64-add-wraparound	f.3	SAME	rc=0 	rc=0 
test.nbb.fixtures.i64-add-wraparound	f.4	SAME	rc=0 	rc=0 
test.nbb.fixtures.i64-add-wraparound	f.5	SAME	rc=0 	rc=0 
test.nbb.fixtures.i64-add-wraparound	main.1	SAME	rc=0 	rc=0 
test.nbb.fixtures.i64-max-literal	main.1	SAME	rc=0 	rc=0 
test.nbb.fixtures.i64-min-literal	main.1	SAME	rc=0 	rc=0 
test.nbb.fixtures.keyword-set-constant	main.1	SAME	rc=0 	rc=0 
test.nbb.fixtures.negative-one-literal	main.1	SAME	rc=0 	rc=0 
test.nbb.fixtures.option-or-branch	main.1	SAME	rc=0 	rc=0 
test.nbb.fixtures.option-or	main.1	SAME	rc=0 	rc=0 
test.nbb.fixtures.option-or	name.1	SAME	rc=0 	rc=0 
test.nbb.fixtures.sleb-boundary-127	main.1	SAME	rc=0 	rc=0 
test.nbb.fixtures.sleb-boundary-128	main.1	SAME	rc=0 	rc=0 
test.nbb.fixtures.sleb-boundary-neg128	main.1	SAME	rc=0 	rc=0 
test.nbb.fixtures.vector-linear	main.1	SAME	rc=0 	rc=0 
test.nbb.fixtures.vector-linear	sum-to.1	SAME	rc=0 	rc=0 
test.nbb.fixtures.vector-linear	sum-to.2	SAME	rc=0 	rc=0 
test.nbb.fixtures.vector-linear	sum-to.3	SAME	rc=0 	rc=0 
test.nbb.fixtures.vector-linear	sum-to.4	SAME	rc=0 	rc=0 
test.nbb.fixtures.vector-linear	sum-to.5	SAME	rc=120 KEXE_TRAP {:kind :signal :signal :SIGILL}	rc=120 KEXE_TRAP {:kind :signal :signal :SIGILL}
test.nbb.fixtures.state.branch_join	main.1	SAME	rc=0 	rc=0 
test.nbb.fixtures.state.ceiling_declares_state	main.1	SAME	rc=0 	rc=0 
test.nbb.fixtures.state.counter	main.1	SAME	rc=0 	rc=0 
test.nbb.fixtures.state.handler_logic	main.1	SAME	rc=0 	rc=0 
test.nbb.fixtures.state.inline_operations	main.1	SAME	rc=0 	rc=0 
test.nbb.fixtures.state.loop_accumulator	main.1	SAME	rc=0 	rc=0 
test.nbb.fixtures.state.nested_handlers	main.1	SAME	rc=0 	rc=0 
test.nbb.fixtures.state.two_state_types	main.1	SAME	rc=0 	rc=0 
bench.runtime-comparison.kernel	kernel.1	SAME	rc=0 	rc=0 
bench.runtime-comparison.kernel	kernel.2	SAME	rc=0 	rc=0 
bench.runtime-comparison.kernel	kernel.3	SAME	rc=0 	rc=0 
bench.runtime-comparison.kernel	kernel.4	SAME	rc=0 	rc=0 
bench.runtime-comparison.kernel	kernel.5	SAME	rc=0 	rc=0 
bench.runtime-comparison.kernel	bench.1	SAME	rc=0 	rc=0 
bench.runtime-comparison.kernel	bench.2	SAME	rc=0 	rc=0 
bench.runtime-comparison.kernel	bench.3	SAME	rc=0 	rc=0 
bench.runtime-comparison.kernel	bench.4	SAME	rc=0 	rc=0 
bench.runtime-comparison.kernel	bench.5	SAME	rc=0 	rc=0 
bench.runtime-comparison.kernel	main.1	SAME	rc=0 	rc=0 
bench.runtime-comparison.kernel_batch	kernel.1	SAME	rc=0 	rc=0 
bench.runtime-comparison.kernel_batch	kernel.2	SAME	rc=0 	rc=0 
bench.runtime-comparison.kernel_batch	kernel.3	SAME	rc=0 	rc=0 
bench.runtime-comparison.kernel_batch	kernel.4	SAME	rc=0 	rc=0 
bench.runtime-comparison.kernel_batch	kernel.5	SAME	rc=0 	rc=0 
bench.runtime-comparison.kernel_call	kernel.1	SAME	rc=0 	rc=0 
bench.runtime-comparison.kernel_call	kernel.2	SAME	rc=0 	rc=0 
bench.runtime-comparison.kernel_call	kernel.3	SAME	rc=0 	rc=0 
bench.runtime-comparison.kernel_call	kernel.4	SAME	rc=0 	rc=0 
bench.runtime-comparison.kernel_call	kernel.5	SAME	rc=0 	rc=0 
bench.runtime-comparison.kernel_call_branch	kernel.1	SAME	rc=0 	rc=0 
bench.runtime-comparison.kernel_call_branch	kernel.2	SAME	rc=0 	rc=0 
bench.runtime-comparison.kernel_call_branch	kernel.3	SAME	rc=0 	rc=0 
bench.runtime-comparison.kernel_call_branch	kernel.4	SAME	rc=0 	rc=0 
bench.runtime-comparison.kernel_call_branch	kernel.5	SAME	rc=0 	rc=0 
bench.runtime-comparison.kernel_call_deep	kernel.1	SAME	rc=0 	rc=0 
bench.runtime-comparison.kernel_call_deep	kernel.2	SAME	rc=0 	rc=0 
bench.runtime-comparison.kernel_call_deep	kernel.3	SAME	rc=0 	rc=0 
bench.runtime-comparison.kernel_call_deep	kernel.4	SAME	rc=0 	rc=0 
bench.runtime-comparison.kernel_call_deep	kernel.5	SAME	rc=0 	rc=0 
bench.runtime-comparison.kernel_call_deep_branch	kernel.1	SAME	rc=0 	rc=0 
bench.runtime-comparison.kernel_call_deep_branch	kernel.2	SAME	rc=0 	rc=0 
bench.runtime-comparison.kernel_call_deep_branch	kernel.3	SAME	rc=0 	rc=0 
bench.runtime-comparison.kernel_call_deep_branch	kernel.4	SAME	rc=0 	rc=0 
bench.runtime-comparison.kernel_call_deep_branch	kernel.5	SAME	rc=0 	rc=0 
bench.runtime-comparison.kernel_cfg_call	kernel.1	SAME	rc=0 	rc=0 
bench.runtime-comparison.kernel_cfg_call	kernel.2	SAME	rc=0 	rc=0 
bench.runtime-comparison.kernel_cfg_call	kernel.3	SAME	rc=0 	rc=0 
bench.runtime-comparison.kernel_cfg_call	kernel.4	SAME	rc=0 	rc=0 
bench.runtime-comparison.kernel_cfg_call	kernel.5	SAME	rc=0 	rc=0 
bench.runtime-comparison.kernel_collections	kernel.1	SAME	rc=0 	rc=0 
bench.runtime-comparison.kernel_collections	kernel.2	SAME	rc=0 	rc=0 
bench.runtime-comparison.kernel_collections	kernel.3	SAME	rc=0 	rc=0 
bench.runtime-comparison.kernel_collections	kernel.4	SAME	rc=120 KEXE_TRAP {:kind :signal :signal :SIGILL}	rc=120 KEXE_TRAP {:kind :signal :signal :SIGTRAP}
bench.runtime-comparison.kernel_collections	kernel.5	SAME	rc=0 	rc=0 
bench.runtime-comparison.kernel_deep	kernel.1	SAME	rc=0 	rc=0 
bench.runtime-comparison.kernel_deep	kernel.2	SAME	rc=0 	rc=0 
bench.runtime-comparison.kernel_deep	kernel.3	SAME	rc=0 	rc=0 
bench.runtime-comparison.kernel_deep	kernel.4	SAME	rc=0 	rc=0 
bench.runtime-comparison.kernel_deep	kernel.5	SAME	rc=0 	rc=0 
bench.runtime-comparison.kernel_deep_accum	kernel.1	SAME	rc=0 	rc=0 
bench.runtime-comparison.kernel_deep_accum	kernel.2	SAME	rc=0 	rc=0 
bench.runtime-comparison.kernel_deep_accum	kernel.3	SAME	rc=0 	rc=0 
bench.runtime-comparison.kernel_deep_accum	kernel.4	SAME	rc=0 	rc=0 
bench.runtime-comparison.kernel_deep_accum	kernel.5	SAME	rc=0 	rc=0 
bench.runtime-comparison.kernel_deep_incremental	kernel.1	SAME	rc=0 	rc=0 
bench.runtime-comparison.kernel_deep_incremental	kernel.2	SAME	rc=0 	rc=0 
bench.runtime-comparison.kernel_deep_incremental	kernel.3	SAME	rc=0 	rc=0 
bench.runtime-comparison.kernel_deep_incremental	kernel.4	SAME	rc=0 	rc=0 
bench.runtime-comparison.kernel_deep_incremental	kernel.5	SAME	rc=0 	rc=0 
bench.runtime-comparison.kernel_deep_movonly	kernel.1	SAME	rc=0 	rc=0 
bench.runtime-comparison.kernel_deep_movonly	kernel.2	SAME	rc=0 	rc=0 
bench.runtime-comparison.kernel_deep_movonly	kernel.3	SAME	rc=0 	rc=0 
bench.runtime-comparison.kernel_deep_movonly	kernel.4	SAME	rc=0 	rc=0 
bench.runtime-comparison.kernel_deep_movonly	kernel.5	SAME	rc=0 	rc=0 
bench.runtime-comparison.kernel_deep_narrowconst	kernel.1	SAME	rc=0 	rc=0 
bench.runtime-comparison.kernel_deep_narrowconst	kernel.2	SAME	rc=0 	rc=0 
bench.runtime-comparison.kernel_deep_narrowconst	kernel.3	SAME	rc=0 	rc=0 
bench.runtime-comparison.kernel_deep_narrowconst	kernel.4	SAME	rc=0 	rc=0 
bench.runtime-comparison.kernel_deep_narrowconst	kernel.5	SAME	rc=0 	rc=0 
bench.runtime-comparison.kernel_loop_call	kernel.1	SAME	rc=0 	rc=0 
bench.runtime-comparison.kernel_loop_call	kernel.2	SAME	rc=0 	rc=0 
bench.runtime-comparison.kernel_loop_call	kernel.3	SAME	rc=0 	rc=0 
bench.runtime-comparison.kernel_loop_call	kernel.4	SAME	rc=120 KEXE_TRAP {:kind :budget :reason :budget/fuel}	rc=120 KEXE_TRAP {:kind :budget :reason :budget/fuel}
bench.runtime-comparison.kernel_loop_call	kernel.5	SAME	rc=0 	rc=0 
bench.runtime-comparison.kernel_loop_call	main.1	SAME	rc=0 	rc=0 
bench.runtime-comparison.kernel_state	kernel.1	SAME	rc=0 	rc=0 
bench.runtime-comparison.kernel_state	kernel.2	SAME	rc=0 	rc=0 
bench.runtime-comparison.kernel_state	kernel.3	SAME	rc=0 	rc=0 
bench.runtime-comparison.kernel_state	kernel.4	SAME	rc=0 	rc=0 
bench.runtime-comparison.kernel_state	kernel.5	SAME	rc=0 	rc=0 
bench.runtime-comparison.kernel_strings	kernel.1	SAME	rc=0 	rc=0 
bench.runtime-comparison.kernel_strings	kernel.2	SAME	rc=0 	rc=0 
bench.runtime-comparison.kernel_strings	kernel.3	SAME	rc=0 	rc=0 
bench.runtime-comparison.kernel_strings	kernel.4	SAME	rc=120 KEXE_TRAP {:kind :signal :signal :SIGILL}	rc=120 KEXE_TRAP {:kind :signal :signal :SIGILL}
bench.runtime-comparison.kernel_strings	kernel.5	SAME	rc=0 	rc=0 
bench.runtime-comparison.kernel_wide	kernel.1	SAME	rc=0 	rc=0 
bench.runtime-comparison.kernel_wide	kernel.2	SAME	rc=0 	rc=0 
bench.runtime-comparison.kernel_wide	kernel.3	SAME	rc=0 	rc=0 
bench.runtime-comparison.kernel_wide	kernel.4	SAME	rc=0 	rc=0 
bench.runtime-comparison.kernel_wide	kernel.5	SAME	rc=0 	rc=0 
