SAME	graph/declared-namespace-mismatch 	65	65	{:format :kotoba.cli-error/v1, :ok false, :error :project-link, :diagnostic {:format :kotoba.diagnostic/v1, :code :kotoba/project-link-failed, :severity :error, :source "main.kotoba"}, :message "resol	{:format :kotoba.cli-error/v1, :ok false, :error :project-link, :diagnostic {:format :kotoba.diagnostic/v1, :code :kotoba/project-link-failed, :severity :error, :source "main.kotoba"}, :message "resol
SAME	graph/declared-namespace-mismatch policy	65	65	{:format :kotoba.cli-error/v1, :ok false, :error :project-link, :diagnostic {:format :kotoba.diagnostic/v1, :code :kotoba/project-link-failed, :severity :error, :source "main.kotoba"}, :message "resol	{:format :kotoba.cli-error/v1, :ok false, :error :project-link, :diagnostic {:format :kotoba.diagnostic/v1, :code :kotoba/project-link-failed, :severity :error, :source "main.kotoba"}, :message "resol
SAME	graph/dependency-header-refusal 	65	65	{:format :kotoba.cli-error/v1, :ok false, :error :project-link, :diagnostic {:format :kotoba.diagnostic/v1, :code :kotoba/project-link-failed, :severity :error, :source "leaf.kotoba"}, :message "impor	{:format :kotoba.cli-error/v1, :ok false, :error :project-link, :diagnostic {:format :kotoba.diagnostic/v1, :code :kotoba/project-link-failed, :severity :error, :source "leaf.kotoba"}, :message "impor
SAME	graph/dependency-header-refusal policy	65	65	{:format :kotoba.cli-error/v1, :ok false, :error :project-link, :diagnostic {:format :kotoba.diagnostic/v1, :code :kotoba/project-link-failed, :severity :error, :source "leaf.kotoba"}, :message "impor	{:format :kotoba.cli-error/v1, :ok false, :error :project-link, :diagnostic {:format :kotoba.diagnostic/v1, :code :kotoba/project-link-failed, :severity :error, :source "leaf.kotoba"}, :message "impor
SAME	graph/extension-priority-in-one-root 	0	0	ok profile=default effects=#{} exports=[run] modules=["main" "util"]	ok profile=default effects=#{} exports=[run] modules=["main" "util"]
SAME	graph/extension-priority-in-one-root policy	0	0	ok profile=default effects=#{} exports=[run] modules=["main" "util"]	ok profile=default effects=#{} exports=[run] modules=["main" "util"]
SAME	graph/kotoba-twin-across-roots 	0	0	ok profile=default effects=#{} exports=[run] modules=["main" "util"]	ok profile=default effects=#{} exports=[run] modules=["main" "util"]
SAME	graph/kotoba-twin-across-roots policy	0	0	ok profile=default effects=#{} exports=[run] modules=["main" "util"]	ok profile=default effects=#{} exports=[run] modules=["main" "util"]
SAME	graph/missing-module-in-an-existing-root 	65	65	{:format :kotoba.cli-error/v1, :ok false, :error :project-link, :diagnostic {:format :kotoba.diagnostic/v1, :code :kotoba/project-link-failed, :severity :error, :source "main.kotoba"}, :message "requi	{:format :kotoba.cli-error/v1, :ok false, :error :project-link, :diagnostic {:format :kotoba.diagnostic/v1, :code :kotoba/project-link-failed, :severity :error, :source "main.kotoba"}, :message "requi
SAME	graph/missing-module-in-an-existing-root policy	65	65	{:format :kotoba.cli-error/v1, :ok false, :error :project-link, :diagnostic {:format :kotoba.diagnostic/v1, :code :kotoba/project-link-failed, :severity :error, :source "main.kotoba"}, :message "requi	{:format :kotoba.cli-error/v1, :ok false, :error :project-link, :diagnostic {:format :kotoba.diagnostic/v1, :code :kotoba/project-link-failed, :severity :error, :source "main.kotoba"}, :message "requi
SAME	graph/missing-module 	65	65	{:format :kotoba.cli-error/v1, :ok false, :error :project-link, :diagnostic {:format :kotoba.diagnostic/v1, :code :kotoba/project-link-failed, :severity :error, :source "main.kotoba"}, :message "proje	{:format :kotoba.cli-error/v1, :ok false, :error :project-link, :diagnostic {:format :kotoba.diagnostic/v1, :code :kotoba/project-link-failed, :severity :error, :source "main.kotoba"}, :message "proje
SAME	graph/missing-module policy	65	65	{:format :kotoba.cli-error/v1, :ok false, :error :project-link, :diagnostic {:format :kotoba.diagnostic/v1, :code :kotoba/project-link-failed, :severity :error, :source "main.kotoba"}, :message "proje	{:format :kotoba.cli-error/v1, :ok false, :error :project-link, :diagnostic {:format :kotoba.diagnostic/v1, :code :kotoba/project-link-failed, :severity :error, :source "main.kotoba"}, :message "proje
SAME	graph/nested-namespace-and-dash 	0	0	ok profile=default effects=#{} exports=[run] modules=["main" "my-lib.core-x"]	ok profile=default effects=#{} exports=[run] modules=["main" "my-lib.core-x"]
SAME	graph/nested-namespace-and-dash policy	0	0	ok profile=default effects=#{} exports=[run] modules=["main" "my-lib.core-x"]	ok profile=default effects=#{} exports=[run] modules=["main" "my-lib.core-x"]
SAME	graph/root-header-refusal-with-a-root 	65	65	{:format :kotoba.cli-error/v1, :ok false, :error :project-link, :diagnostic {:format :kotoba.diagnostic/v1, :code :kotoba/project-link-failed, :severity :error, :source "main.kotoba"}, :message "only 	{:format :kotoba.cli-error/v1, :ok false, :error :project-link, :diagnostic {:format :kotoba.diagnostic/v1, :code :kotoba/project-link-failed, :severity :error, :source "main.kotoba"}, :message "only 
SAME	graph/root-header-refusal-with-a-root policy	65	65	{:format :kotoba.cli-error/v1, :ok false, :error :project-link, :diagnostic {:format :kotoba.diagnostic/v1, :code :kotoba/project-link-failed, :severity :error, :source "main.kotoba"}, :message "only 	{:format :kotoba.cli-error/v1, :ok false, :error :project-link, :diagnostic {:format :kotoba.diagnostic/v1, :code :kotoba/project-link-failed, :severity :error, :source "main.kotoba"}, :message "only 
SAME	graph/root-header-refusal 	65	65	{:format :kotoba.cli-error/v1, :ok false, :error :project-link, :diagnostic {:format :kotoba.diagnostic/v1, :code :kotoba/project-link-failed, :severity :error, :source "main.kotoba"}, :message "proje	{:format :kotoba.cli-error/v1, :ok false, :error :project-link, :diagnostic {:format :kotoba.diagnostic/v1, :code :kotoba/project-link-failed, :severity :error, :source "main.kotoba"}, :message "proje
SAME	graph/root-header-refusal policy	65	65	{:format :kotoba.cli-error/v1, :ok false, :error :project-link, :diagnostic {:format :kotoba.diagnostic/v1, :code :kotoba/project-link-failed, :severity :error, :source "main.kotoba"}, :message "proje	{:format :kotoba.cli-error/v1, :ok false, :error :project-link, :diagnostic {:format :kotoba.diagnostic/v1, :code :kotoba/project-link-failed, :severity :error, :source "main.kotoba"}, :message "proje
SAME	graph/root-inside-a-root 	0	0	ok profile=default effects=#{} exports=[run] modules=["main" "util"]	ok profile=default effects=#{} exports=[run] modules=["main" "util"]
SAME	graph/root-inside-a-root policy	0	0	ok profile=default effects=#{} exports=[run] modules=["main" "util"]	ok profile=default effects=#{} exports=[run] modules=["main" "util"]
SAME	graph/root-is-not-a-directory 	65	65	{:format :kotoba.cli-error/v1, :ok false, :error :project-link, :diagnostic {:format :kotoba.diagnostic/v1, :code :kotoba/project-link-failed, :severity :error, :source "main.kotoba"}, :message "sourc	{:format :kotoba.cli-error/v1, :ok false, :error :project-link, :diagnostic {:format :kotoba.diagnostic/v1, :code :kotoba/project-link-failed, :severity :error, :source "main.kotoba"}, :message "sourc
SAME	graph/root-is-not-a-directory policy	65	65	{:format :kotoba.cli-error/v1, :ok false, :error :project-link, :diagnostic {:format :kotoba.diagnostic/v1, :code :kotoba/project-link-failed, :severity :error, :source "main.kotoba"}, :message "sourc	{:format :kotoba.cli-error/v1, :ok false, :error :project-link, :diagnostic {:format :kotoba.diagnostic/v1, :code :kotoba/project-link-failed, :severity :error, :source "main.kotoba"}, :message "sourc
SAME	graph/sibling-directory-sharing-a-prefix 	65	65	{:format :kotoba.cli-error/v1, :ok false, :error :project-link, :diagnostic {:format :kotoba.diagnostic/v1, :code :kotoba/project-link-failed, :severity :error, :source "main.kotoba"}, :message "requi	{:format :kotoba.cli-error/v1, :ok false, :error :project-link, :diagnostic {:format :kotoba.diagnostic/v1, :code :kotoba/project-link-failed, :severity :error, :source "main.kotoba"}, :message "requi
SAME	graph/sibling-directory-sharing-a-prefix policy	65	65	{:format :kotoba.cli-error/v1, :ok false, :error :project-link, :diagnostic {:format :kotoba.diagnostic/v1, :code :kotoba/project-link-failed, :severity :error, :source "main.kotoba"}, :message "requi	{:format :kotoba.cli-error/v1, :ok false, :error :project-link, :diagnostic {:format :kotoba.diagnostic/v1, :code :kotoba/project-link-failed, :severity :error, :source "main.kotoba"}, :message "requi
SAME	graph/template-through-the-filesystem 	0	0	ok profile=default effects=#{} exports=[main] modules=["kotoba.set.union" "root"]	ok profile=default effects=#{} exports=[main] modules=["kotoba.set.union" "root"]
SAME	graph/template-through-the-filesystem policy	0	0	ok profile=default effects=#{} exports=[main] modules=["kotoba.set.union" "root"]	ok profile=default effects=#{} exports=[main] modules=["kotoba.set.union" "root"]
SAME	graph/three-levels-and-shared-dependency 	0	0	ok profile=default effects=#{} exports=[run] modules=["app" "b" "c" "d"]	ok profile=default effects=#{} exports=[run] modules=["app" "b" "c" "d"]
SAME	graph/three-levels-and-shared-dependency policy	0	0	ok profile=default effects=#{} exports=[run] modules=["app" "b" "c" "d"]	ok profile=default effects=#{} exports=[run] modules=["app" "b" "c" "d"]
SAME	graph/two-cljk-across-roots 	65	65	{:format :kotoba.cli-error/v1, :ok false, :error :project-link, :diagnostic {:format :kotoba.diagnostic/v1, :code :kotoba/project-link-failed, :severity :error, :source "main.kotoba"}, :message "names	{:format :kotoba.cli-error/v1, :ok false, :error :project-link, :diagnostic {:format :kotoba.diagnostic/v1, :code :kotoba/project-link-failed, :severity :error, :source "main.kotoba"}, :message "names
SAME	graph/two-cljk-across-roots policy	65	65	{:format :kotoba.cli-error/v1, :ok false, :error :project-link, :diagnostic {:format :kotoba.diagnostic/v1, :code :kotoba/project-link-failed, :severity :error, :source "main.kotoba"}, :message "names	{:format :kotoba.cli-error/v1, :ok false, :error :project-link, :diagnostic {:format :kotoba.diagnostic/v1, :code :kotoba/project-link-failed, :severity :error, :source "main.kotoba"}, :message "names
SAME	graph/two-kotoba-across-roots 	65	65	{:format :kotoba.cli-error/v1, :ok false, :error :project-link, :diagnostic {:format :kotoba.diagnostic/v1, :code :kotoba/project-link-failed, :severity :error, :source "main.kotoba"}, :message "names	{:format :kotoba.cli-error/v1, :ok false, :error :project-link, :diagnostic {:format :kotoba.diagnostic/v1, :code :kotoba/project-link-failed, :severity :error, :source "main.kotoba"}, :message "names
SAME	graph/two-kotoba-across-roots policy	65	65	{:format :kotoba.cli-error/v1, :ok false, :error :project-link, :diagnostic {:format :kotoba.diagnostic/v1, :code :kotoba/project-link-failed, :severity :error, :source "main.kotoba"}, :message "names	{:format :kotoba.cli-error/v1, :ok false, :error :project-link, :diagnostic {:format :kotoba.diagnostic/v1, :code :kotoba/project-link-failed, :severity :error, :source "main.kotoba"}, :message "names
SAME	graph/two-modules 	0	0	ok profile=default effects=#{} exports=[run] modules=["main" "util"]	ok profile=default effects=#{} exports=[run] modules=["main" "util"]
SAME	graph/two-modules policy	0	0	ok profile=default effects=#{} exports=[run] modules=["main" "util"]	ok profile=default effects=#{} exports=[run] modules=["main" "util"]
SAME	proj/cycle 	65	65	error: project-link-failed at /Users/junkawasaki/github/wt/amu-seed17/seed/tests/checkfull/proj/cycle/t/main.kotoba: cyclic module dependency rejected	error: project-link-failed at /Users/junkawasaki/github/wt/amu-seed17/seed/tests/checkfull/proj/cycle/t/main.kotoba: cyclic module dependency rejected
SAME	proj/cycle policy	65	65	error: project-link-failed at /Users/junkawasaki/github/wt/amu-seed17/seed/tests/checkfull/proj/cycle/t/main.kotoba: cyclic module dependency rejected	error: project-link-failed at /Users/junkawasaki/github/wt/amu-seed17/seed/tests/checkfull/proj/cycle/t/main.kotoba: cyclic module dependency rejected
SAME	proj/dep-frontend-error 	65	65	error: unknown-operation at util.kotoba:3: unknown operation: nothing-here is not a builtin, a sugar head, or a function of this module	error: unknown-operation at util.kotoba:3: unknown operation: nothing-here is not a builtin, a sugar head, or a function of this module
SAME	proj/dep-frontend-error policy	65	65	error: unknown-operation at util.kotoba:3: unknown operation: nothing-here is not a builtin, a sugar head, or a function of this module	error: unknown-operation at util.kotoba:3: unknown operation: nothing-here is not a builtin, a sugar head, or a function of this module
SAME	proj/effect-in-dep 	65	65	error: capability-missing-grant at /Users/junkawasaki/github/wt/amu-seed17/seed/tests/checkfull/proj/effect-in-dep/t/main.kotoba: capability policy denies required effects; missing grants #{[:cap/call	error: capability-missing-grant at /Users/junkawasaki/github/wt/amu-seed17/seed/tests/checkfull/proj/effect-in-dep/t/main.kotoba: capability policy denies required effects; missing grants #{[:cap/call
SAME	proj/effect-in-dep policy	0	0	ok profile=default effects=#{[:cap/call :io/write]} exports=[run] modules=["main" "util"]	ok profile=default effects=#{[:cap/call :io/write]} exports=[run] modules=["main" "util"]
DIFF	proj/missing-export 	65	65	error: project-link-failed at main.kotoba: qualified call is not an admitted exported import: u/nope	error: project-link-failed at /Users/junkawasaki/github/wt/amu-seed17/seed/tests/checkfull/proj/missing-export/t/main.kotoba: qualified call is not an admitted exported import: u/nope
DIFF	proj/missing-export policy	65	65	error: project-link-failed at main.kotoba: qualified call is not an admitted exported import: u/nope	error: project-link-failed at /Users/junkawasaki/github/wt/amu-seed17/seed/tests/checkfull/proj/missing-export/t/main.kotoba: qualified call is not an admitted exported import: u/nope
DIFF	proj/private-call 	65	65	error: project-link-failed at main.kotoba: qualified call is not an admitted exported import: u/hidden	error: project-link-failed at /Users/junkawasaki/github/wt/amu-seed17/seed/tests/checkfull/proj/private-call/t/main.kotoba: qualified call is not an admitted exported import: u/hidden
DIFF	proj/private-call policy	65	65	error: project-link-failed at main.kotoba: qualified call is not an admitted exported import: u/hidden	error: project-link-failed at /Users/junkawasaki/github/wt/amu-seed17/seed/tests/checkfull/proj/private-call/t/main.kotoba: qualified call is not an admitted exported import: u/hidden
SAME	proj/root-frontend-error 	65	65	error: unknown-operation at main.kotoba:3: unknown operation: undefined-fn is not a builtin, a sugar head, or a function of this module	error: unknown-operation at main.kotoba:3: unknown operation: undefined-fn is not a builtin, a sugar head, or a function of this module
SAME	proj/root-frontend-error policy	65	65	error: unknown-operation at main.kotoba:3: unknown operation: undefined-fn is not a builtin, a sugar head, or a function of this module	error: unknown-operation at main.kotoba:3: unknown operation: undefined-fn is not a builtin, a sugar head, or a function of this module
SAME	proj/standalone 	65	65	{:format :kotoba.cli-error/v1, :ok false, :error :project-link, :diagnostic {:format :kotoba.diagnostic/v1, :code :kotoba/project-link-failed, :severity :error, :source "main.kotoba"}, :message "proje	{:format :kotoba.cli-error/v1, :ok false, :error :project-link, :diagnostic {:format :kotoba.diagnostic/v1, :code :kotoba/project-link-failed, :severity :error, :source "main.kotoba"}, :message "proje
SAME	proj/standalone policy	65	65	{:format :kotoba.cli-error/v1, :ok false, :error :project-link, :diagnostic {:format :kotoba.diagnostic/v1, :code :kotoba/project-link-failed, :severity :error, :source "main.kotoba"}, :message "proje	{:format :kotoba.cli-error/v1, :ok false, :error :project-link, :diagnostic {:format :kotoba.diagnostic/v1, :code :kotoba/project-link-failed, :severity :error, :source "main.kotoba"}, :message "proje
SAME	proj/type-mismatch 	65	65	error: subset-reject at main.kotoba:2: expression type mismatch: expected i64, got string	error: subset-reject at main.kotoba:2: expression type mismatch: expected i64, got string
SAME	proj/type-mismatch policy	65	65	error: subset-reject at main.kotoba:2: expression type mismatch: expected i64, got string	error: subset-reject at main.kotoba:2: expression type mismatch: expected i64, got string
SAME	proj/wrong-arity 	65	65	error: call-arity at main.kotoba:2: function call arity mismatch: kotoba_import__0 takes 1 argument; got 2	error: call-arity at main.kotoba:2: function call arity mismatch: kotoba_import__0 takes 1 argument; got 2
SAME	proj/wrong-arity policy	65	65	error: call-arity at main.kotoba:2: function call arity mismatch: kotoba_import__0 takes 1 argument; got 2	error: call-arity at main.kotoba:2: function call arity mismatch: kotoba_import__0 takes 1 argument; got 2
