INPUTS	PASS	manifest 54cf77edc1750b2f05f7f83df83375dabf3964c962a4f97ec36ceb60080c7e9b
G4	PASS	three generations: object contents, container, code and command equal; builder receipts present
PRODUCT	FAIL	bin/amu still uses the bootstrap launcher
ENTRIES	FAIL	check-cli and/or aarch64-cli missing from the image
STATIC	PASS	libraries /usr/lib/libSystem.B.dylib; wires 3,34,35,37,38,39
G1	PASS	19 Embench correctness programs; /Users/junkawasaki/github/wt/amu-seed17/build/seed17/proof-current/launcher.log
INTERPOSER	PASS	supplementary process interposer only; /Users/junkawasaki/github/wt/amu-seed17/build/seed17/proof-current/launcher.log
G2	PASS	391/391 check verdict, message and exit in three policy modes
COMPILE_FULL	FAIL	compile/behaviour difference or missing export; /Users/junkawasaki/github/wt/amu-seed17/build/seed17/proof-current/compile-corpus/summary.txt
G3	PASS	argument and refusal differential; declared gaps evaluated separately
CHECK_FULL	FAIL	declared or stub check paths remain
G5	FAIL	exec tracer unavailable/unverified (exit 2); /Users/junkawasaki/github/wt/amu-seed17/build/seed17/proof-current/trace-preflight.log
REFACTOR_VERIFY	FAIL	/Users/junkawasaki/github/wt/amu-seed17/build/seed17/proof-current/verify.log
QUIET_BENCH	FAIL	no quiet benchmark receipt (load1 28.28)
