workload,local_scale_factor,global_scale_factor,c_ns_per_body,kotoba_ns_per_correctness_call,kotoba_time_over_c_body,c_relative_speed
aha-mont64,472,15588,670.3649156456727,1062.2994688502656,1.5846585106965136,12648.056844018349
crc32,170,9157,2734.775067611406,4551.757801757802,1.6643993342141208,8616.68886828587
depthconv,1639,69876,35.3128985640422,2683.5929335929336,75.99469436716066,66381.19097825271
edn,81,65121,780.7686015074313,,,63343.7231312459
huffbench,11,48690,7745.3686588621895,,,46866.71687146335
matmult-int,39,116260,905.9729077620012,18640.954718090565,20.575620483110008,113491.81850758361
md5sum,66,24048,2592.7891691364744,12147.696,4.685184643858173,22971.634859321268
nettle-aes,76,37133,1443.544329274429,,,36058.90759524556
nettle-sha256,562,32213,224.56727920791468,4300.894,19.151917479563153,31678.16357151642
nsichneu,1232,41022,80.1104427969281,,,43598.49581718621
picojpeg,5,71483,11265.39177147014,,,69504.90634360052
qrduino,5,36242,22361.679818994537,,,35122.58499170813
sglib-combined,31,22131,5811.381203712206,,,22930.532320097358
slre,116,31476,1069.3560720592811,,,32205.975233387548
statemate,3330,39234,31.54876852689974,,,61118.96971776074
tarfind,46,42643,2041.5425743967357,14518.189018189018,7.1113819521883155,42646.78017652002
ud,1785,41729,54.12737502679185,2986.44276016793,55.174350477733434,40717.31850171117
wikisort,2,125509,16142.782589296385,,,112186.3588252003
xgboost,1,22794,167867.72834956567,16393463.414634146,97.65702780284606,21016.546984262135
