1791087309.255994	1.5
1791087310.887923	1.54
1791087310.889376	1.54
1791087312.191871	1.54
1791087312.193446	1.54
1791087313.502187	1.54
1791087313.503861	1.54
1791087314.8061419	1.54
1791087314.8079622	1.54
1791087316.110104	1.5
1791087316.1127522	1.5
1791087316.8237271	1.5
1791087316.825474	1.5
1791087317.711794	1.5
1791087317.713403	1.5
1791087318.425111	1.5
1791087318.426694	1.5
1791087319.22301	1.5
1791087319.2247539	1.5
1791087319.9378428	1.5
1791087320.412609	1.7
1791087321.931541	1.7
1791087321.933394	1.7
1791087323.1324632	1.7
1791087323.134283	1.7
1791087324.3337002	1.7
1791087324.3355148	1.7
1791087325.534302	1.8
1791087325.536146	1.8
1791087326.735456	1.8
1791087326.737895	1.8
1791087328.422552	1.8
1791087328.424166	1.8
1791087330.084168	1.8
1791087330.085836	1.8
1791087331.740475	1.74
1791087331.7421598	1.74
1791087333.4244952	1.74
1791087333.426101	1.74
1791087335.040185	1.74
1791087335.5148501	1.76
1791087336.407378	1.76
1791087336.40927	1.76
1791087336.97508	1.76
1791087336.976752	1.76
1791087337.543935	1.76
1791087337.545598	1.76
1791087338.1115232	1.76
1791087338.11311	1.76
1791087338.6805649	1.76
1791087338.68282	1.76
1791087339.645934	1.76
1791087339.647566	1.76
1791087340.6367009	1.78
1791087340.6383538	1.78
1791087341.612695	1.78
1791087341.614358	1.78
1791087342.596239	1.78
1791087342.597877	1.78
1791087343.5783591	1.78
1791087344.097676	1.78
1791087345.489516	1.79
1791087345.491054	1.79
1791087346.564129	1.79
1791087346.565907	1.79
1791087347.642248	1.79
1791087347.644001	1.79
1791087348.7163022	1.79
1791087348.7181408	1.79
1791087349.794423	1.79
1791087350.3098948	1.79
1791087351.19197	1.81
1791087351.193582	1.81
1791087351.753338	1.81
1791087351.754988	1.81
1791087352.317573	1.81
1791087352.3191261	1.81
1791087352.8931751	1.81
1791087352.894741	1.81
1791087353.4587588	1.81
1791087353.935164	1.81
1791087354.6915689	1.81
1791087354.693147	1.81
1791087355.1305249	1.81
1791087355.132203	1.81
1791087355.567667	1.83
1791087355.569262	1.83
1791087356.006921	1.83
1791087356.008447	1.83
1791087356.442973	1.83
1791087356.4453819	1.83
1791087359.5574248	1.83
1791087359.5590909	1.83
1791087362.8918772	1.84
1791087362.89357	1.84
1791087366.061717	1.77
1791087366.063311	1.77
1791087369.104216	1.77
1791087369.105886	1.77
1791087372.163556	1.87
1791087372.64416	1.87
1791087373.919824	1.87
1791087373.921372	1.87
1791087374.871878	1.87
1791087374.873792	1.87
1791087375.8331132	1.88
1791087375.834742	1.88
1791087376.787393	1.88
1791087376.788921	1.88
1791087377.7486851	1.88
1791087377.751177	1.88
1791087380.7937741	1.89
1791087380.795233	1.89
1791087383.839944	1.89
1791087383.841541	1.89
1791087386.915165	1.82
1791087386.91693	1.82
1791087389.9547	1.82
1791087389.956464	1.82
1791087392.9957938	1.75
1791087393.508022	1.75
1791087395.200373	1.75
1791087395.201904	1.75
1791087396.5629811	1.69
1791087396.564666	1.69
1791087397.900021	1.69
1791087397.9017441	1.69
1791087399.237143	1.69
1791087399.2389052	1.69
1791087400.588598	1.8
1791087401.184014	1.8
1791087402.124022	1.8
1791087402.1256719	1.8
1791087402.737356	1.8
1791087402.739027	1.8
1791087403.35324	1.8
1791087403.355011	1.8
1791087403.965733	1.8
1791087403.96727	1.8
1791087404.5830731	1.8
1791087404.585452	1.8
1791087406.741222	1.81
1791087406.742678	1.81
1791087408.8847349	1.81
1791087408.8864498	1.81
1791087411.0312	1.91
1791087411.032982	1.91
1791087413.191227	1.91
1791087413.1927848	1.91
1791087415.349602	1.91
1791087415.902548	2.07
1791087416.90372	2.07
1791087416.905267	2.07
1791087417.591178	2.07
1791087417.5928771	2.07
1791087418.270596	2.07
1791087418.2723498	2.07
1791087418.9578009	2.07
1791087418.959521	2.07
1791087419.639454	2.07
1791087420.473206	2.07
1791087421.343185	2.15
1791087421.344853	2.15
1791087421.8947341	2.15
1791087421.8964322	2.15
1791087422.4457228	2.15
1791087422.447387	2.15
1791087422.99332	2.15
1791087422.995094	2.15
1791087423.543165	2.15
1791087424.239796	2.15
1791087425.01537	2.15
1791087425.0169039	2.15
1791087425.475071	2.15
1791087425.476773	2.15
1791087425.9463072	2.06
1791087425.9478898	2.06
1791087426.401772	2.06
1791087426.403344	2.06
1791087426.859256	2.06
1791087427.467057	2.06
1791087428.653622	2.06
1791087428.655253	2.06
1791087429.502757	2.06
1791087429.5046248	2.06
1791087430.366064	2.06
1791087430.367889	2.06
1791087431.210764	2.21
1791087431.212374	2.21
1791087432.072462	2.21
1791087432.5966249	2.21
1791087433.7192671	2.21
1791087433.720872	2.21
1791087434.4704158	2.21
1791087434.472236	2.21
1791087435.256386	2.21
1791087435.258084	2.21
1791087436.027544	2.35
1791087436.0292149	2.35
1791087436.821994	2.35
1791087437.327573	2.35
1791087438.2451122	2.35
1791087438.2467132	2.35
1791087438.8402119	2.35
1791087438.842002	2.35
1791087439.432582	2.35
1791087439.4342148	2.35
1791087440.022645	2.35
1791087440.024308	2.35
1791087440.6275158	2.35
1791087441.105483	2.49
1791087442.4777012	2.49
1791087442.47934	2.49
1791087443.53113	2.49
1791087443.532618	2.49
1791087444.584533	2.49
1791087444.5862348	2.49
1791087445.637603	2.49
1791087445.639284	2.49
1791087446.690732	2.45
1791087446.693208	2.45
1791087449.925245	2.45
1791087449.9269278	2.45
1791087453.165153	2.41
1791087453.1669178	2.41
1791087456.463525	2.3
1791087456.465284	2.3
1791087459.668673	2.3
1791087459.6705542	2.3
1791087462.901998	2.19
1791087463.402387	2.19
1791087464.345356	2.19
1791087464.347212	2.19
1791087464.971974	2.19
1791087464.97373	2.19
1791087465.592267	2.19
1791087465.5940008	2.19
1791087466.220497	2.34
1791087466.222241	2.34
1791087466.8418071	2.34
1791087466.8442082	2.34
1791087468.5557592	2.34
1791087468.557297	2.34
1791087470.27022	2.34
1791087470.271714	2.34
1791087471.992956	2.31
1791087471.9945989	2.31
1791087473.705493	2.31
1791087473.706986	2.31
1791087475.393538	2.31
1791087476.108897	2.37
1791087477.0401962	2.37
1791087477.0417762	2.37
1791087477.6623611	2.37
1791087477.664	2.37
1791087478.27734	2.37
1791087478.279055	2.37
1791087478.8918452	2.37
1791087478.89358	2.37
1791087479.503422	2.37
1791087480.004626	2.37
1791087480.877017	2.26
1791087480.878811	2.26
1791087481.4237702	2.26
1791087481.4255831	2.26
1791087482.013818	2.26
1791087482.015635	2.26
1791087482.5316591	2.26
1791087482.533351	2.26
1791087483.051829	2.26
1791087483.054401	2.26
1791087487.102189	2.4
1791087487.103711	2.4
1791087491.163414	2.28
1791087491.164953	2.28
1791087495.2192152	2.28
1791087495.220709	2.28
1791087499.239327	2.18
1791087499.240861	2.18
1791087503.313662	2.09
1791087756.043353	1.78
1791087761.0278988	1.8
1791087761.0319638	1.8
1791087765.97612	2.14
1791087765.980122	2.14
1791087771.216011	2.52
1791087771.219459	2.52
1791087776.164209	2.8
1791087776.167598	2.8
1791087781.3669991	3.06
1791087781.849584	3.06
1791087787.030218	3.21
1791087787.0329332	3.21
1791087791.3095071	3.28
1791087791.312169	3.28
1791087795.573365	3.17
1791087795.575299	3.17
1791087799.5818088	3.0
1791087799.583751	3.0
1791087803.586575	2.84
1791087803.8020768	2.84
1791087808.20375	2.77
1791087808.205374	2.77
1791087812.253134	2.71
1791087812.254836	2.71
1791087816.302301	2.71
1791087816.3040519	2.71
1791087820.3519192	2.73
1791087820.353544	2.73
1791087824.399374	2.75
1791087824.501676	2.75
1791087828.943444	2.77
1791087828.9449332	2.77
1791087833.061019	2.71
1791087833.06272	2.71
1791087837.184345	2.71
1791087837.1861	2.71
1791087841.306475	2.57
1791087841.308217	2.57
1791087845.432134	2.45
1791087845.523967	2.45
1791087849.982477	2.33
1791087849.98443	2.33
1791087854.136116	2.46
1791087854.137697	2.46
1791087858.270797	2.35
1791087858.2724302	2.35
1791087862.425884	2.24
1791087862.427708	2.24
1791087866.554527	2.24
1791087866.630514	2.24
1791087871.0784042	2.38
1791087871.0800571	2.38
1791087875.1947782	2.27
1791087875.196293	2.27
1791087879.303848	2.17
1791087879.3053691	2.17
1791087883.417582	2.31
1791087883.4195368	2.31
1791087887.529345	2.37
1791087887.605491	2.37
1791087892.0501199	2.37
1791087892.0516322	2.37
1791087896.171307	2.42
1791087896.173416	2.42
1791087900.2802382	2.46
1791087900.281962	2.46
1791087904.39426	2.35
1791087904.395701	2.35
1791087908.52074	2.24
1791087908.61663	2.24
1791087913.0545611	2.22
1791087913.056212	2.22
1791087917.100369	2.22
1791087917.1023202	2.22
1791087921.180568	2.12
1791087921.182389	2.12
1791087925.2195442	2.11
1791087925.221174	2.11
1791087929.29937	2.34
1791087929.4382389	2.34
1791087933.832413	2.48
1791087933.833896	2.48
1791087937.903764	2.44
1791087937.905674	2.44
1791087941.96443	2.44
1791087941.9660292	2.44
1791087946.0390148	2.32
1791087946.040812	2.32
1791087950.108522	2.3
1791087950.226197	2.3
1791087954.591219	2.27
1791087954.593301	2.27
1791087958.646624	2.49
1791087958.6483042	2.49
1791087962.701237	2.37
1791087962.702715	2.37
1791087966.749624	2.37
1791087966.751107	2.37
1791087970.796978	2.26
1791087971.055517	2.26
1791087975.421964	2.24
1791087975.423518	2.24
1791087979.462594	2.22
1791087979.4640992	2.22
1791087983.4902341	2.12
1791087983.491895	2.12
1791087987.522985	2.12
1791087987.5248482	2.12
1791087991.552007	2.03
1791087991.7467442	2.03
1791087996.148986	2.19
1791087996.1504881	2.19
1791088000.206192	2.33
1791088000.207723	2.33
1791088004.1739361	2.31
1791088004.1756852	2.31
1791088008.246526	2.6
1791088008.248215	2.6
1791088012.268745	2.6
1791088012.4132962	2.6
1791088016.757505	2.71
1791088016.759329	2.71
1791088020.762523	2.82
1791088020.764383	2.82
1791088024.740778	2.67
1791088024.7426538	2.67
1791088028.733123	2.54
1791088028.734661	2.54
1791088032.6776881	2.54
1791088032.780101	2.54
1791088037.006752	2.49
1791088037.008499	2.49
1791088040.889096	2.37
1791088040.890783	2.37
1791088044.799555	2.26
1791088044.801282	2.26
1791088048.717886	2.16
1791088048.7194471	2.16
1791088052.616928	2.16
1791088052.70509	2.16
1791088057.148101	2.07
1791088057.1499488	2.07
1791088061.260708	1.98
1791088061.2624278	1.98
1791088065.391818	1.9
1791088065.393307	1.9
1791088069.519637	1.83
1791088069.521324	1.83
1791088073.636111	1.76
1791088073.712896	1.76
1791088078.049943	1.78
1791088078.051552	1.78
1791088082.0610108	1.78
1791088082.062651	1.78
1791088086.064874	1.72
1791088086.066587	1.72
1791088090.079021	1.66
1791088090.08071	1.66
1791088094.088036	1.61
1791088094.169888	1.61
1791088098.5226262	1.56
1791088098.524549	1.56
1791088102.560496	1.56
1791088102.562026	1.56
1791088106.61479	1.59
1791088106.616674	1.59
1791088110.648851	1.71
1791088110.65054	1.71
1791088114.6757581	1.89
1791088114.873291	1.89
1791088119.2487402	2.06
1791088119.250288	2.06
1791088123.3009999	1.97
1791088123.302469	1.97
1791088127.358689	1.97
1791088127.360297	1.97
1791088131.402055	1.9
1791088131.404136	1.9
1791088135.46322	1.9
1791088135.551878	1.9
1791088139.9376562	1.83
1791088139.939192	1.83
1791088143.768299	1.84
1791088143.769862	1.84
1791088147.708045	1.84
1791088147.710101	1.84
1791088151.541156	1.78
1791088151.542662	1.78
1791088155.362011	1.71
